tx,1003,2025,2018,2027,2015,1010,1026,2008,2005,1011,2006,2007,2020,2011,2024,1012,1002,2022,2004,2017,1001,2026,2009,2010,2019,1025,x
add and remove key to/from account,6411,9,0,0,8,0,156001,0,0,0,0,4274,2312,8,2137,0,2137,5,2137,8,6413,0,0,0,0,4274,283
convert int to string and concatenate it + copy array from storage and save a duplicate,138716,9,0,0,8,0,12545,0,502,0,0,0,4022,8,0,0,71617,5,0,8,145748,1722,0,0,0,0,477
mint NFT + get account and get available balance,7508,1677,0,0,1676,1182,0,1182,1212,3546,0,0,650262,1676,0,0,1460,561,0,1398,11892,236662,278,0,278,0,259
get public account,2531,9,0,0,8,0,0,0,0,0,0,0,2312,8,0,0,2531,5,0,8,5064,0,0,0,0,0,12
reference tx + copy array from storage,2660,9,0,0,8,0,26600,0,0,0,0,0,4001,8,0,0,16836,5,0,8,40780,0,0,0,0,0,70
borrow array from storage + transfer tokens,3981,9,0,0,8,411,0,137,0,411,0,274,4773,8,0,137,14981,5,0,8,40265,225,0,0,0,0,124
get account and get storage capacity + add and remove key to/from account,1752,99,15,0,98,0,40807,0,0,0,0,1118,37149,98,559,0,574,35,559,83,1756,0,0,0,0,1118,82
get account and get available balance + add and remove key to/from account,11027,3963,0,0,3962,0,107967,0,0,0,0,2958,1502196,3962,1479,0,2138,1323,1479,3303,13008,0,659,0,659,2958,586
get signer receiver + add and remove key to/from account,5457,9,0,0,8,0,56064,0,0,0,0,1536,4055,8,768,0,1819,5,768,8,4410,0,0,0,0,1536,124
get signer address + load and save long string on signers address,95006,9,0,0,8,0,0,0,0,0,0,0,3366,8,0,0,230950,5,0,8,509407,1155,0,0,0,0,801
copy array from storage and save a duplicate + get signer address,1365,9,0,0,8,0,11375,0,455,0,0,0,4534,8,0,0,94288,5,0,8,190855,1681,0,0,0,0,215
transfer tokens + get account and get available balance,5349,1113,0,0,1112,957,0,319,0,957,0,638,422901,1112,0,319,503,373,0,928,9733,225,184,0,184,0,122
convert int to string and concatenate it,114414,9,0,0,8,0,0,0,0,0,0,0,2312,8,0,0,57207,5,0,8,114416,0,0,0,0,0,207
get account and get storage used,32274,9,0,0,8,0,0,0,0,0,0,0,2394,8,0,0,32274,5,0,8,64550,0,0,0,32274,0,551
get account and get storage used + transfer tokens,14433,9,0,0,8,804,0,268,0,804,0,536,4117,8,0,268,11753,5,0,8,29138,225,0,0,11485,0,156
copy array from storage + get account and get storage used,22876,9,0,0,8,0,96130,0,0,0,0,0,4124,8,0,0,70941,5,0,8,170725,0,0,0,13263,0,6758
load and save empty string on signers address,60060,9,0,0,8,0,0,0,0,0,0,0,3468,8,0,0,30030,5,0,8,90092,1148,0,0,0,0,197
load and save empty string on signers address + get signer address,34626,9,0,0,8,0,0,0,0,0,0,0,3591,8,0,0,200760,5,0,8,418837,1148,0,0,0,0,1392
get account and get storage capacity,4525,5439,905,0,5438,0,0,0,0,0,0,0,2062092,5438,0,0,905,1815,0,4533,4527,0,0,0,0,0,393
copy array from storage and save a duplicate,4746,9,0,0,8,0,39550,0,1582,0,0,0,4657,8,0,0,9492,5,0,8,26896,1722,0,0,0,0,122
add and remove key to/from account,774,9,0,0,8,0,18834,0,0,0,0,516,2394,8,258,0,258,5,258,8,776,0,0,0,0,516,38
create new account,194,3501,0,0,3500,0,0,0,0,0,194,194,2394,3500,0,0,194,1169,0,1172,390,0,0,0,0,0,318
emit event + mint NFT,32818,9,0,0,8,14694,0,1715,1758,5145,0,12979,4442,8,0,0,14694,5,0,8,50946,336673,0,0,0,0,238
create new account and deploy contract + add key to account,3753,1251,0,69,1319,69,131982,0,138,0,69,1911,82076,1319,0,0,1842,419,1773,422,3757,11385,0,0,0,1911,1349
borrow array from storage + get signer receiver,7313,9,0,0,8,0,0,0,0,0,0,0,4588,8,0,0,4574,5,0,8,10283,0,0,0,0,0,57
create new account and deploy contract + get account and get storage capacity,2141,3543,388,67,3609,67,2479,0,134,0,67,134,962852,3609,0,0,455,1183,0,2350,2145,11055,0,0,0,134,416
get account and get storage capacity + convert int to string,73581,4743,789,0,4742,0,0,0,0,0,0,0,1798076,4742,0,0,70425,1583,0,3953,143221,0,0,0,0,0,796
create new account and deploy contract,78,477,0,26,502,26,962,0,52,0,26,52,32368,502,0,0,26,161,0,164,80,4290,0,0,0,52,66
get public account,49870,9,0,0,8,0,0,0,0,0,0,0,2312,8,0,0,49870,5,0,8,99742,0,0,0,0,0,268
get signer receiver,4737,9,0,0,8,0,0,0,0,0,0,0,4055,8,0,0,1579,5,0,8,3160,0,0,0,0,0,38
add and remove key to/from account + create new account,2767,1966,0,0,1965,0,64824,0,0,0,103,1879,2312,1965,888,0,991,1035,888,1038,2874,0,0,0,0,1776,284
get account and get storage used + get signer receiver,19591,9,0,0,8,0,0,0,0,0,0,0,3932,8,0,0,8317,5,0,8,16638,0,0,0,2680,0,137
reference tx,0,9,0,0,8,0,0,0,0,0,0,0,2312,8,0,0,265112,5,0,8,265114,0,0,0,0,0,562
get account and get storage used + borrow array from storage,8873,9,0,0,8,0,0,0,0,0,0,0,4001,8,0,0,32718,5,0,8,79747,0,0,0,4104,0,197
copy array from storage,2186,9,0,0,8,0,21860,0,0,0,0,0,4001,8,0,0,13116,5,0,8,32792,0,0,0,0,0,57
transfer tokens + add and remove key to/from account,10238,9,0,0,8,2496,26426,832,0,2496,0,2388,4117,8,362,832,1194,5,362,8,20226,225,0,0,0,724,331
convert int to string and concatenate it + copy array from storage,90646,9,0,0,8,0,700,0,0,0,0,0,4001,8,0,0,45708,5,0,8,91630,0,0,0,0,0,379
get account and get storage capacity + load and save long string on signers address,31742,1869,310,0,1868,0,0,0,0,0,0,0,709028,1868,0,0,15406,625,0,1558,46842,1189,0,0,0,0,212
convert int to string,57333,9,0,0,8,0,0,0,0,0,0,0,2394,8,0,0,57333,5,0,8,114668,0,0,0,0,0,140
convert int to string and concatenate it + get signer address,81928,9,0,0,8,0,0,0,0,0,0,0,2312,8,0,0,99476,5,0,8,198956,0,0,0,0,0,240
transfer tokens + get signer vault,60263,9,0,0,8,6594,0,2198,0,6594,0,4396,3949,8,0,2198,38283,5,0,8,122728,225,0,0,0,0,737
add key to account + create new account,2032,239,0,0,238,0,73803,0,0,0,10,1021,2394,238,0,0,1021,185,1011,188,2046,0,0,0,0,1011,117
reference tx + call empty contract function,14935,9,0,0,8,0,0,0,0,0,0,0,2615,8,0,0,37179,5,0,8,52118,0,0,0,0,0,133
add and remove key to/from account + get account and get storage capacity,1021,65,8,0,64,0,23871,0,0,0,0,654,20520,64,327,0,335,37,327,64,1025,0,0,0,0,654,49
create new account and deploy contract + convert int to string and concatenate it,137309,669,0,33,701,33,1221,0,66,0,33,66,41895,701,0,0,68638,335,0,338,137313,5445,0,0,0,66,423
convert int to string,144157,9,0,0,8,0,0,0,0,0,0,0,2312,8,0,0,144157,5,0,8,288316,0,0,0,0,0,354
get signer receiver,28089,9,0,0,8,0,0,0,0,0,0,0,4055,8,0,0,9363,5,0,8,18728,0,0,0,0,0,245
create new account and deploy contract,552,3321,0,184,3504,184,6808,0,368,0,184,368,222642,3504,0,0,184,1109,0,1112,554,30359,0,0,0,368,339
copy array from storage and save a duplicate,3009,9,0,0,8,0,25070,0,1003,0,0,0,4022,8,0,0,6018,5,0,8,17053,1722,0,0,0,0,65
get signer address,0,9,0,0,8,0,0,0,0,0,0,0,2312,8,0,0,40011,5,0,8,80024,0,0,0,0,0,75
get account and get storage used + borrow array from storage,23232,9,0,0,8,0,0,0,0,0,0,0,4124,8,0,0,58707,5,0,8,138703,0,0,0,16137,0,473
create new account + get account and get available balance,2962,3561,0,0,3560,0,0,0,0,0,102,102,665056,3560,0,0,388,1189,0,2050,3926,0,286,0,286,0,251
get signer vault + get public account,25299,9,0,0,8,0,0,0,0,0,0,0,3590,8,0,0,25299,5,0,8,50602,0,0,0,0,0,174
load and save empty string on signers address + borrow array from storage,47464,9,0,0,8,0,0,0,0,0,0,0,4001,8,0,0,25118,5,0,8,74602,1148,0,0,0,0,339
create new account and deploy contract + borrow array from storage,5151,1776,0,93,1868,93,3441,0,186,0,93,186,115445,1868,0,0,29325,935,0,938,73363,15345,0,0,0,186,367
mint NFT + create new account and deploy contract,4879,1179,0,65,1243,1236,2405,1171,1332,3513,65,130,83368,1243,0,0,1236,395,0,398,8396,242361,0,0,0,130,229
mint NFT,23364,9,0,0,8,5841,0,5841,5992,17523,0,0,5890,8,0,0,5841,5,0,8,40889,1154957,0,0,0,0,306
copy array from storage and save a duplicate,7848,9,0,0,8,0,65400,0,2616,0,0,0,4534,8,0,0,15696,5,0,8,44474,1681,0,0,0,0,185
get signer receiver + call empty contract function,12456,9,0,0,8,0,0,0,0,0,0,0,4153,8,0,0,11220,5,0,8,22444,0,0,0,0,0,111
get account and get storage used + load and save long string on signers address,111143,9,0,0,8,0,0,0,0,0,0,0,3366,8,0,0,63640,5,0,8,174787,1155,0,0,16137,0,937
get account and get storage used,7561,9,0,0,8,0,0,0,0,0,0,0,2312,8,0,0,7561,5,0,8,15124,0,0,0,7561,0,88
emit event,18700,9,0,0,8,9350,0,0,0,0,0,9350,2533,8,0,0,9350,5,0,8,28052,0,0,0,0,0,77
emit event + create new account,53562,3239,0,0,3238,26696,0,0,0,0,170,26866,2615,3238,0,0,26866,1705,0,1708,80432,0,0,0,0,0,650
reference tx,0,9,0,0,8,0,0,0,0,0,0,0,2312,8,0,0,37928,5,0,8,37930,0,0,0,0,0,40
get signer address + get signer vault,15213,9,0,0,8,0,0,0,0,0,0,0,3713,8,0,0,76301,5,0,8,152606,0,0,0,0,0,233
get account and get storage used + borrow array from storage,14898,9,0,0,8,0,0,0,0,0,0,0,4124,8,0,0,28513,5,0,8,65199,0,0,0,12175,0,439
get account and get storage used + load and save empty string on signers address,30245,9,0,0,8,0,0,0,0,0,0,0,3591,8,0,0,16797,5,0,8,47046,1148,0,0,3349,0,222
create new account and deploy contract,153,927,0,51,977,51,1887,0,102,0,51,102,61268,977,0,0,51,311,0,314,155,8415,0,0,0,102,88
get account and get balance + get account and get storage used,4199,6831,0,0,6830,0,0,0,0,0,0,0,886601,6830,0,0,3441,2279,0,4177,7644,0,0,379,3062,0,378
get signer receiver + convert int to string and concatenate it,161636,9,0,0,8,0,0,0,0,0,0,0,4055,8,0,0,76747,5,0,8,153498,0,0,0,0,0,577
get account and get storage used + call empty contract function,16185,9,0,0,8,0,0,0,0,0,0,0,2617,8,0,0,16185,5,0,8,32374,0,0,0,12172,0,147
mint NFT + create new account and deploy contract,12351,1323,0,73,1395,3106,2701,3033,3256,9099,73,146,89646,1395,0,0,3106,443,0,446,21454,612805,0,0,0,146,346
create new account + get signer vault,13862,171,0,0,170,0,0,0,0,0,9,9,3713,170,0,0,13862,59,0,62,27728,0,0,0,0,0,159
transfer tokens,14234,9,0,0,8,3882,0,1294,0,3882,0,2588,4117,8,0,1294,1294,5,0,8,29764,225,0,0,0,0,160
transfer tokens + emit event,77570,9,0,0,8,33290,0,2198,0,6594,0,31092,4357,8,0,2198,28894,5,0,8,130646,225,0,0,0,0,764
create new account,194,3695,0,0,3694,0,0,0,0,0,194,194,2394,3694,0,0,194,1945,0,1948,390,0,0,0,0,0,255
transfer tokens + copy array from storage and save a duplicate,1673,9,0,0,8,255,6150,85,246,255,0,170,5306,8,0,85,1561,5,0,8,6141,1947,0,0,0,0,36
mint NFT + convert int to string,90640,9,0,0,8,1014,0,1014,1040,3042,0,0,5241,8,0,0,87598,5,0,8,180270,200730,0,0,0,0,349
call empty contract function + get account and get storage used,13281,9,0,0,8,0,0,0,0,0,0,0,2533,8,0,0,13281,5,0,8,26566,0,0,0,7261,0,133
add and remove key to/from account,204,9,0,0,8,0,4964,0,0,0,0,136,2312,8,68,0,68,5,68,8,206,0,0,0,0,136,11
get account and get storage used + add and remove key to/from account,20574,9,0,0,8,0,107967,0,0,0,0,2958,2312,8,1479,0,17616,5,1479,8,36715,0,0,0,16137,2958,554
get signer vault + get signer address,13492,9,0,0,8,0,0,0,0,0,0,0,3590,8,0,0,17696,5,0,8,35396,0,0,0,0,0,131
create new account + get public account,39297,333,0,0,332,0,0,0,0,0,18,18,2394,332,0,0,39297,113,0,116,78598,0,0,0,0,0,250
create new account and deploy contract + add and remove key to/from account,1083,1611,0,89,1699,89,23149,0,178,0,89,722,108927,1699,272,0,361,539,272,542,1087,14685,0,0,0,722,452
load and save empty string on signers address,114012,9,0,0,8,0,0,0,0,0,0,0,3468,8,0,0,57006,5,0,8,171020,1148,0,0,0,0,446
get account and get storage capacity,1210,1461,242,0,1460,0,0,0,0,0,0,0,553104,1460,0,0,242,489,0,1218,1212,0,0,0,0,0,94
emit event,14410,9,0,0,8,7205,0,0,0,0,0,7205,2533,8,0,0,7205,5,0,8,21617,0,0,0,0,0,59
get account and get balance + add and remove key to/from account,3741,6127,0,0,6126,0,67525,0,0,0,0,1850,740336,6126,925,0,1247,3225,925,4838,4067,0,0,322,0,1850,323
get account and get storage used + emit event,8659,9,0,0,8,397,0,0,0,0,0,397,2615,8,0,0,8262,5,0,8,16925,0,0,0,7865,0,111
create new account + get signer receiver,22887,1413,0,0,1412,0,0,0,0,0,78,78,3932,1412,0,0,7681,473,0,476,15366,0,0,0,0,0,381
get signer vault,1978,9,0,0,8,0,0,0,0,0,0,0,3590,8,0,0,1978,5,0,8,3958,0,0,0,0,0,24
add key to account + get signer receiver,8873,9,0,0,8,0,22630,0,0,0,0,310,3932,8,0,0,3061,5,310,8,6126,0,0,0,0,310,75
copy array from storage and save a duplicate + get account and get storage used,15177,9,0,0,8,0,7600,0,304,0,0,0,4534,8,0,0,16089,5,0,8,33702,1681,0,0,14265,0,977
borrow array from storage + mint NFT,14579,9,0,0,8,3162,0,3162,3243,9486,0,0,7086,8,0,0,14748,5,0,8,51103,626363,0,0,0,0,301
create new account and deploy contract,282,1701,0,94,1794,94,3478,0,188,0,94,188,114912,1794,0,0,94,569,0,572,284,15510,0,0,0,188,248
get account and get storage used + mint NFT,18816,9,0,0,8,3583,0,3583,3675,10749,0,0,5842,8,0,0,8067,5,0,8,34053,709720,0,0,4484,0,233
get signer address + reference tx,0,9,0,0,8,0,0,0,0,0,0,0,2394,8,0,0,209235,5,0,8,293991,0,0,0,0,0,246
copy array from storage and save a duplicate + emit event,8901,9,0,0,8,4098,5875,0,235,0,0,4098,4878,8,0,0,5508,5,0,8,16293,1722,0,0,0,0,90
convert int to string + copy array from storage and save a duplicate,68568,9,0,0,8,0,47925,0,1917,0,0,0,4657,8,0,0,74319,5,0,8,158227,1722,0,0,0,0,368
call empty contract function + get signer vault,48047,9,0,0,8,0,0,0,0,0,0,0,3811,8,0,0,48047,5,0,8,96098,0,0,0,0,0,805
get account and get storage used,24462,9,0,0,8,0,0,0,0,0,0,0,2312,8,0,0,24462,5,0,8,48926,0,0,0,24462,0,321
call empty contract function + create new account,33024,2327,0,0,2326,0,0,0,0,0,122,122,2535,2326,0,0,33024,1225,0,1228,66052,0,0,0,0,0,290
convert int to string and concatenate it,167732,9,0,0,8,0,0,0,0,0,0,0,2394,8,0,0,83866,5,0,8,167734,0,0,0,0,0,691
add key to account + convert int to string,139608,9,0,0,8,0,187902,0,0,0,0,2574,2394,8,0,0,137034,5,2574,8,274072,0,0,0,0,2574,945
create new account + call empty contract function,16696,1415,0,0,1414,0,0,0,0,0,74,74,2615,1414,0,0,16696,745,0,748,33396,0,0,0,0,0,160
get account and get available balance + convert int to string and concatenate it,32926,1611,0,0,1610,0,0,0,0,0,0,0,610004,1610,0,0,15395,539,0,1343,33731,0,267,0,267,0,180
create new account and deploy contract,336,2025,0,112,2136,112,4144,0,224,0,112,224,132582,2136,0,0,112,677,0,680,338,18480,0,0,0,224,347
get signer vault,35836,9,0,0,8,0,0,0,0,0,0,0,3713,8,0,0,35836,5,0,8,71674,0,0,0,0,0,324
mint NFT + get account and get storage used,9511,9,0,0,8,712,0,712,731,2136,0,0,4906,8,0,0,7375,5,0,8,18314,141475,0,0,6663,0,333
get signer receiver + add key to account,13039,9,0,0,8,0,139430,0,0,0,0,1910,3932,8,0,0,4983,5,1910,8,9970,0,0,0,0,1910,339
get account and get balance,1377,9648,0,0,9647,0,0,0,0,0,0,0,1054340,9647,0,0,459,6431,0,8729,1838,0,0,459,0,0,252
get signer receiver + call empty contract function,67495,9,0,0,8,0,0,0,0,0,0,0,4153,8,0,0,62121,5,0,8,124246,0,0,0,0,0,367
transfer tokens,11891,9,0,0,8,3243,0,1081,0,3243,0,2162,4117,8,0,1081,1081,5,0,8,24865,225,0,0,0,0,182
transfer tokens + emit event,20636,9,0,0,8,6678,0,1456,0,4368,0,5222,4338,8,0,1456,3766,5,0,8,40422,225,0,0,0,0,499
get account and get storage used + create new account and deploy contract,3559,1829,0,91,1919,91,3367,0,182,0,91,182,107508,1919,0,0,3377,915,0,918,6849,15015,0,0,3286,182,252
add key to account + get signer address,5148,9,0,0,8,0,187902,0,0,0,0,2574,2200,8,0,0,186021,5,2574,8,372046,0,0,0,0,2574,554
get signer address + add key to account,844,9,0,0,8,0,30806,0,0,0,0,422,2312,8,0,0,26946,5,422,8,53896,0,0,0,0,422,82
call empty contract function + get account and get balance,61069,10364,0,0,10363,0,0,0,0,0,0,0,1274100,10363,0,0,59979,5455,0,8183,121052,0,0,545,0,0,739
borrow array from storage + create new account and deploy contract,4008,1341,0,74,1414,74,2738,0,148,0,74,148,92702,1414,0,0,22790,449,0,452,57016,12208,0,0,0,148,341
copy array from storage,698,9,0,0,8,0,6980,0,0,0,0,0,4001,8,0,0,4188,5,0,8,10472,0,0,0,0,0,20
add and remove key to/from account + call empty contract function,13670,9,0,0,8,0,26572,0,0,0,0,728,2533,8,364,0,12942,5,364,8,26252,0,0,0,0,728,99
get account and get storage used,574,9,0,0,8,0,0,0,0,0,0,0,2312,8,0,0,574,5,0,8,1150,0,0,0,574,0,9
call empty contract function + convert int to string and concatenate it,141539,9,0,0,8,0,0,0,0,0,0,0,2615,8,0,0,72934,5,0,8,145872,0,0,0,0,0,719
mint NFT + create new account,5245,1395,0,0,1394,1292,0,1292,1326,3876,77,77,5601,1394,0,0,1369,467,0,470,9202,255365,0,0,0,0,935
load and save empty string on signers address + get account and get balance,48855,6906,0,0,6905,0,0,0,0,0,0,0,835464,6905,0,0,24246,3635,0,5453,73105,1148,0,363,0,0,388
get account and get storage capacity + get account and get available balance,7225,4725,127,0,4724,0,0,0,0,0,0,0,1791248,4724,0,0,786,1577,0,3938,9206,0,659,0,659,0,349
get account and get balance + copy array from storage and save a duplicate,726,5276,0,0,5275,0,325,0,13,0,0,0,529402,5275,0,0,307,4127,0,5275,1141,1681,0,229,0,0,110
add and remove key to/from account + get account and get storage capacity,2364,2259,375,0,2258,0,11899,0,0,0,0,326,871269,2258,163,0,538,755,163,1883,2368,0,0,0,0,326,254
get account and get available balance + get signer vault,7407,3963,0,0,3962,0,0,0,0,0,0,0,1530616,3962,0,0,1476,1323,0,3303,10205,0,659,0,659,0,333
call empty contract function,37690,9,0,0,8,0,0,0,0,0,0,0,2533,8,0,0,37690,5,0,8,75382,0,0,0,0,0,143
copy array from storage + call empty contract function,69047,9,0,0,8,0,96130,0,0,0,0,0,4222,8,0,0,117112,5,0,8,263067,0,0,0,0,0,620
,2,1,0,0,0,0,73,0,0,0,1,2,2134,0,0,0,0,0,1,0,2,0,0,0,0,1,12
get account and get storage capacity + copy array from storage and save a duplicate,3876,351,57,0,350,0,29925,0,1197,0,0,0,134266,350,0,0,7239,119,0,293,20638,1681,0,0,0,0,84
get account and get storage capacity + get signer receiver,5117,58,7,0,57,0,0,0,0,0,0,0,19864,57,0,0,1701,33,0,57,3427,0,0,0,0,0,37
create new account and deploy contract + get account and get storage used,9561,1067,0,46,1112,46,1702,0,92,0,46,92,55488,1112,0,0,9469,833,0,836,18988,7590,0,0,9423,92,268
get public account,28042,9,0,0,8,0,0,0,0,0,0,0,2394,8,0,0,28042,5,0,8,56086,0,0,0,0,0,194
borrow array from storage,10345,9,0,0,8,0,0,0,0,0,0,0,4001,8,0,0,62070,5,0,8,155177,0,0,0,0,0,448
copy array from storage,19226,9,0,0,8,0,192260,0,0,0,0,0,4001,8,0,0,115356,5,0,8,288392,0,0,0,0,0,679
get signer address,0,9,0,0,8,0,0,0,0,0,0,0,2394,8,0,0,159839,5,0,8,319680,0,0,0,0,0,228
add and remove key to/from account + copy array from storage,3510,9,0,0,8,0,73843,0,0,0,0,1802,4124,8,901,0,5743,5,901,8,14812,0,0,0,0,1802,141
get signer vault + call empty contract function,55477,9,0,0,8,0,0,0,0,0,0,0,3811,8,0,0,55477,5,0,8,110958,0,0,0,0,0,403
get signer address + convert int to string and concatenate it,137210,9,0,0,8,0,0,0,0,0,0,0,2312,8,0,0,75728,5,0,8,151460,0,0,0,0,0,389
get account and get balance + add key to account,4557,7371,0,0,7370,0,121545,0,0,0,0,1665,939740,7370,0,0,2074,2459,1665,4507,4970,0,0,409,0,1665,334
get signer address,0,9,0,0,8,0,0,0,0,0,0,0,2312,8,0,0,194385,5,0,8,388772,0,0,0,0,0,856
reference tx + get public account,3857,9,0,0,8,0,0,0,0,0,0,0,2312,8,0,0,120418,5,0,8,124279,0,0,0,0,0,132
get public account,41133,9,0,0,8,0,0,0,0,0,0,0,2312,8,0,0,41133,5,0,8,82268,0,0,0,0,0,294
get account and get balance,516,3277,0,0,3276,0,0,0,0,0,0,0,396536,3276,0,0,172,1725,0,2588,690,0,0,172,0,0,83
copy array from storage + call empty contract function,69047,9,0,0,8,0,96130,0,0,0,0,0,4222,8,0,0,117112,5,0,8,263067,0,0,0,0,0,769
create new account and deploy contract,525,3159,0,175,3333,175,6475,0,350,0,175,350,211869,3333,0,0,175,1055,0,1058,527,28875,0,0,0,350,392
get signer address + get account and get balance,351,2115,0,0,2114,0,0,0,0,0,0,0,270476,2114,0,0,89269,707,0,1295,178776,0,0,117,0,0,280
call empty contract function + get signer vault,35617,9,0,0,8,0,0,0,0,0,0,0,3934,8,0,0,35617,5,0,8,71238,0,0,0,0,0,241
get signer address,0,9,0,0,8,0,0,0,0,0,0,0,2200,8,0,0,366893,5,0,8,733788,0,0,0,0,0,713
copy array from storage and save a duplicate + get signer address,3510,9,0,0,8,0,29250,0,1170,0,0,0,4534,8,0,0,25970,5,0,8,57794,1681,0,0,0,0,195
load and save long string on signers address + mint NFT,31812,9,0,0,8,2083,0,2083,2138,6249,0,0,6973,8,0,0,13823,5,0,8,49805,411152,0,0,0,0,238
transfer tokens,34441,9,0,0,8,9393,0,3131,0,9393,0,6262,4117,8,0,3131,3131,5,0,8,72015,225,0,0,0,0,384
convert int to string and concatenate it,274420,9,0,0,8,0,0,0,0,0,0,0,2312,8,0,0,137210,5,0,8,274422,0,0,0,0,0,644
load and save empty string on signers address + create new account,29181,279,0,0,278,0,0,0,0,0,15,15,3591,278,0,0,14598,95,0,98,43783,1148,0,0,0,0,114
get account and get balance,2031,12195,0,0,12194,0,0,0,0,0,0,0,1553996,12194,0,0,677,4067,0,7455,2710,0,0,677,0,0,518
get account and get storage capacity,2965,3567,593,0,3566,0,0,0,0,0,0,0,1351980,3566,0,0,593,1191,0,2973,2967,0,0,0,0,0,233
load and save empty string on signers address + get public account,15171,9,0,0,8,0,0,0,0,0,0,0,3591,8,0,0,12342,5,0,8,27517,1148,0,0,0,0,65
call empty contract function + load and save empty string on signers address,76734,9,0,0,8,0,0,0,0,0,0,0,3814,8,0,0,47939,5,0,8,124677,1148,0,0,0,0,311
add and remove key to/from account + get account and get storage capacity,2815,1317,218,0,1316,0,41975,0,0,0,0,1150,498480,1316,575,0,793,441,575,1098,2819,0,0,0,0,1150,166
convert int to string and concatenate it + load and save empty string on signers address,157454,9,0,0,8,0,0,0,0,0,0,0,3591,8,0,0,78727,5,0,8,167580,1148,0,0,0,0,464
get account and get storage capacity,3075,4314,615,0,4313,0,0,0,0,0,0,0,1402052,4313,0,0,615,2465,0,4313,3077,0,0,0,0,0,219
add and remove key to/from account + borrow array from storage,2854,9,0,0,8,0,34310,0,0,0,0,940,4124,8,470,0,9134,5,470,8,23074,0,0,0,0,940,160
get signer receiver + convert int to string,59342,9,0,0,8,0,0,0,0,0,0,0,3953,8,0,0,26972,5,0,8,53948,0,0,0,0,0,446
get account and get available balance + mint NFT,14978,4622,0,0,4621,2097,0,2097,2150,6291,0,0,1531975,4621,0,0,2756,2641,0,4621,23250,411779,659,0,659,0,534
load and save long string on signers address,22196,9,0,0,8,0,0,0,0,0,0,0,3591,8,0,0,11098,5,0,8,33296,1189,0,0,0,0,98
convert int to string + add and remove key to/from account,6159,9,0,0,8,0,21608,0,0,0,0,592,2394,8,296,0,5567,5,296,8,11434,0,0,0,0,592,63
convert int to string and concatenate it + get account and get storage capacity,14588,1221,202,0,1220,0,0,0,0,0,0,0,462064,1220,0,0,6991,409,0,1018,14592,0,0,0,0,0,91
get account and get available balance + borrow array from storage,2943,1755,0,0,1754,0,0,0,0,0,0,0,666317,1754,0,0,489,587,0,1463,4282,0,291,0,291,0,161
add key to account,1622,9,0,0,8,0,59203,0,0,0,0,811,2394,8,0,0,811,5,811,8,1624,0,0,0,0,811,93
copy array from storage + get account and get storage used,11972,9,0,0,8,0,31600,0,0,0,0,0,4001,8,0,0,27772,5,0,8,65028,0,0,0,8812,0,1541
add key to account + copy array from storage,5935,9,0,0,8,0,148814,0,0,0,0,1688,4001,8,0,0,17042,5,1688,8,41765,0,0,0,0,1688,287
reference tx + get account and get storage used,8259,9,0,0,8,0,0,0,0,0,0,0,2312,8,0,0,91423,5,0,8,99686,0,0,0,8259,0,1187
call empty contract function + convert int to string and concatenate it,196644,9,0,0,8,0,0,0,0,0,0,0,2615,8,0,0,128039,5,0,8,256082,0,0,0,0,0,582
load and save long string on signers address + transfer tokens,26524,9,0,0,8,2184,0,728,0,2184,0,1456,4117,8,0,728,9986,5,0,8,44522,1414,0,0,0,0,147
get signer vault + add key to account,41233,9,0,0,8,0,187902,0,0,0,0,2574,3713,8,0,0,38659,5,2574,8,77322,0,0,0,0,2574,2821
convert int to string and concatenate it,57390,9,0,0,8,0,0,0,0,0,0,0,2312,8,0,0,28695,5,0,8,57392,0,0,0,0,0,184
convert int to string and concatenate it + copy array from storage and save a duplicate,57376,9,0,0,8,0,31100,0,1244,0,0,0,4534,8,0,0,34286,5,0,8,74796,1681,0,0,0,0,143
borrow array from storage + get account and get balance,3841,6403,0,0,6402,0,0,0,0,0,0,0,641177,6402,0,0,18320,5009,0,6402,46221,0,0,278,0,0,847
emit event + transfer tokens,9833,9,0,0,8,3904,0,405,0,1215,0,3499,4338,8,0,405,3094,5,0,8,17386,225,0,0,0,0,70
get account and get balance + create new account and deploy contract,864,6057,0,55,6111,55,2035,0,110,0,55,110,599928,6111,0,0,288,4037,0,5205,1101,9075,0,233,0,110,249
get account and get storage capacity,1595,1923,319,0,1922,0,0,0,0,0,0,0,741517,1922,0,0,319,643,0,1603,1597,0,0,0,0,0,187
load and save long string on signers address + call empty contract function,32295,9,0,0,8,0,0,0,0,0,0,0,3689,8,0,0,31787,5,0,8,64086,1189,0,0,0,0,175
get signer receiver + get account and get storage used,19299,9,0,0,8,0,0,0,0,0,0,0,3932,8,0,0,15713,5,0,8,31430,0,0,0,13920,0,277
copy array from storage and save a duplicate,5574,9,0,0,8,0,46450,0,1858,0,0,0,4534,8,0,0,11148,5,0,8,31588,1681,0,0,0,0,95
convert int to string + copy array from storage,86909,9,0,0,8,0,96130,0,0,0,0,0,4022,8,0,0,134974,5,0,8,298791,0,0,0,0,0,622
reference tx,0,9,0,0,8,0,0,0,0,0,0,0,2312,8,0,0,86502,5,0,8,86504,0,0,0,0,0,99
get public account,49190,9,0,0,8,0,0,0,0,0,0,0,2394,8,0,0,49190,5,0,8,98382,0,0,0,0,0,274
transfer tokens,48345,9,0,0,8,13185,0,4395,0,13185,0,8790,4015,8,0,4395,4395,5,0,8,101087,225,0,0,0,0,558
reference tx + get signer receiver,18066,9,0,0,8,0,0,0,0,0,0,0,4055,8,0,0,78241,5,0,8,84267,0,0,0,0,0,189
transfer tokens + get account and get balance,25813,10364,0,0,10363,6594,0,2198,0,6594,0,4396,1275725,10363,0,2198,2743,5455,0,8183,52738,225,0,545,0,0,834
get account and get storage capacity,1180,1425,236,0,1424,0,0,0,0,0,0,0,539448,1424,0,0,236,477,0,1188,1182,0,0,0,0,0,76
load and save empty string on signers address,49466,9,0,0,8,0,0,0,0,0,0,0,3591,8,0,0,24733,5,0,8,74201,1148,0,0,0,0,168
add key to account + mint NFT,9764,9,0,0,8,1644,116362,1644,1686,4932,0,1594,5743,8,0,0,3238,5,1594,8,14700,327443,0,0,0,1594,204
get account and get available balance + get account and get storage used,7574,3963,0,0,3962,0,0,0,0,0,0,0,1529297,3962,0,0,1643,1323,0,3303,10539,0,659,0,1643,0,351
get signer receiver,97110,9,0,0,8,0,0,0,0,0,0,0,4055,8,0,0,32370,5,0,8,64742,0,0,0,0,0,1092
get signer vault + emit event,89477,9,0,0,8,26696,0,0,0,0,0,26696,3934,8,0,0,62781,5,0,8,152262,0,0,0,0,0,761
get public account + load and save empty string on signers address,63454,9,0,0,8,0,0,0,0,0,0,0,3591,8,0,0,41870,5,0,8,105328,1148,0,0,0,0,220
create new account and deploy contract + add key to account,1378,1773,0,84,1856,84,44207,0,168,0,84,731,99416,1856,0,0,647,1181,563,1184,1382,13860,0,0,0,731,233
get signer vault,72170,9,0,0,8,0,0,0,0,0,0,0,3713,8,0,0,72170,5,0,8,144342,0,0,0,0,0,1043
emit event,106784,9,0,0,8,53392,0,0,0,0,0,53392,2613,8,0,0,53392,5,0,8,160178,0,0,0,0,0,699
get account and get available balance + mint NFT,9552,1053,0,0,1052,1953,0,1953,2003,5859,0,0,401437,1052,0,0,2127,353,0,878,15937,384131,174,0,174,0,231
add key to account + get account and get balance,2501,3182,0,0,3181,0,73000,0,0,0,0,1000,385076,3181,0,0,1167,1675,1000,2513,2672,0,0,167,0,1000,394
copy array from storage + get signer receiver,13236,9,0,0,8,0,45420,0,0,0,0,0,4465,8,0,0,30150,5,0,8,73930,0,0,0,0,0,280
copy array from storage,3291,9,0,0,8,0,32910,0,0,0,0,0,4001,8,0,0,19746,5,0,8,49367,0,0,0,0,0,205
load and save long string on signers address + get signer receiver,48802,9,0,0,8,0,0,0,0,0,0,0,3932,8,0,0,22487,5,0,8,63637,1189,0,0,0,0,193
add key to account + mint NFT,12698,9,0,0,8,2671,73511,2671,2740,8013,0,1007,5247,8,0,0,3678,5,1007,8,20715,529295,0,0,0,1007,242
reference tx,0,9,0,0,8,0,0,0,0,0,0,0,2312,8,0,0,324846,5,0,8,324848,0,0,0,0,0,526
load and save long string on signers address + transfer tokens,49617,9,0,0,8,2583,0,861,0,2583,0,1722,4117,8,0,861,20934,5,0,8,80026,1414,0,0,0,0,766
borrow array from storage,14189,9,0,0,8,0,0,0,0,0,0,0,4124,8,0,0,85134,5,0,8,212837,0,0,0,0,0,585
add and remove key to/from account,8871,9,0,0,8,0,215861,0,0,0,0,5914,2394,8,2957,0,2957,5,2957,8,8873,0,0,0,0,5914,1536
,2,1,0,0,0,0,10,0,1,0,0,0,3201,0,0,0,0,0,0,0,2,1625,0,0,0,1,2
get account and get available balance,3250,1959,0,0,1958,0,0,0,0,0,0,0,742012,1958,0,0,325,655,0,1633,4227,0,325,0,325,0,329
get account and get balance,489,2943,0,0,2942,0,0,0,0,0,0,0,382673,2942,0,0,163,983,0,1801,654,0,0,163,0,0,128
get account and get storage capacity + create new account and deploy contract,4206,6309,789,87,6395,87,3219,0,174,0,87,174,1904794,6395,0,0,876,2105,0,4475,4210,14354,0,0,0,174,585
add key to account + reference tx,1354,9,0,0,8,0,49421,0,0,0,0,677,2394,8,0,0,39740,5,677,8,40421,0,0,0,0,677,114
emit event + get account and get storage used,19053,9,0,0,8,8455,0,0,0,0,0,8455,2615,8,0,0,10598,5,0,8,29655,0,0,0,2143,0,526
convert int to string and concatenate it + create new account,78829,1054,0,0,1053,0,0,0,0,0,55,55,2394,1053,0,0,39442,555,0,558,78888,0,0,0,0,0,229
get public account + transfer tokens,36038,9,0,0,8,1356,0,452,0,1356,0,904,4240,8,0,452,31518,5,0,8,72532,225,0,0,0,0,175
transfer tokens + create new account and deploy contract,10413,123,0,6,128,2841,222,945,12,2835,6,1902,11422,128,0,945,951,65,0,68,21757,1215,0,0,0,12,122
get account and get available balance + copy array from storage and save a duplicate,8444,3963,0,0,3962,0,15450,0,618,0,0,0,1504418,3962,0,0,4367,1323,0,3303,19077,1681,659,0,659,0,452
transfer tokens,31724,9,0,0,8,8652,0,2884,0,8652,0,5768,4117,8,0,2884,2884,5,0,8,66334,225,0,0,0,0,424
convert int to string and concatenate it + get signer address,137210,9,0,0,8,0,0,0,0,0,0,0,2326,8,0,0,252052,5,0,8,504108,0,0,0,0,0,934
reference tx + copy array from storage and save a duplicate,1506,9,0,0,8,0,12550,0,502,0,0,0,4534,8,0,0,296424,5,0,8,301950,1681,0,0,0,0,450
add and remove key to/from account + create new account,868,243,0,0,242,0,20805,0,0,0,13,583,2312,242,285,0,298,83,285,86,885,0,0,0,0,570,60
get signer address + convert int to string,73561,9,0,0,8,0,0,0,0,0,0,0,2312,8,0,0,111964,5,0,8,223932,0,0,0,0,0,231
convert int to string and concatenate it,114026,9,0,0,8,0,0,0,0,0,0,0,2312,8,0,0,57013,5,0,8,114028,0,0,0,0,0,219
transfer tokens,11187,9,0,0,8,3051,0,1017,0,3051,0,2034,4117,8,0,1017,1017,5,0,8,23393,225,0,0,0,0,174
get account and get balance + copy array from storage and save a duplicate,5955,7533,0,0,7532,0,39725,0,1589,0,0,0,928525,7532,0,0,9930,3965,0,5948,28601,1722,0,396,0,0,366
get account and get storage used + transfer tokens,13776,9,0,0,8,2502,0,834,0,2502,0,1668,4240,8,0,834,5436,5,0,8,28390,225,0,0,4602,0,191
call empty contract function + convert int to string and concatenate it,54369,9,0,0,8,0,0,0,0,0,0,0,2535,8,0,0,29353,5,0,8,58710,0,0,0,0,0,109
get public account + get account and get storage used,41648,9,0,0,8,0,0,0,0,0,0,0,2394,8,0,0,41648,5,0,8,83300,0,0,0,7586,0,261
get signer vault + reference tx,4668,9,0,0,8,0,0,0,0,0,0,0,3590,8,0,0,110122,5,0,8,114794,0,0,0,0,0,150
copy array from storage,3808,9,0,0,8,0,38080,0,0,0,0,0,4124,8,0,0,22848,5,0,8,57122,0,0,0,0,0,115
get account and get storage capacity,1410,1701,282,0,1700,0,0,0,0,0,0,0,655788,1700,0,0,282,569,0,1418,1412,0,0,0,0,0,99
load and save empty string on signers address,81120,9,0,0,8,0,0,0,0,0,0,0,3591,8,0,0,40560,5,0,8,121682,1148,0,0,0,0,265
load and save long string on signers address,73178,9,0,0,8,0,0,0,0,0,0,0,3468,8,0,0,36589,5,0,8,109769,1189,0,0,0,0,297
create new account,198,3573,0,0,3572,0,0,0,0,0,198,198,2394,3572,0,0,198,1193,0,1196,398,0,0,0,0,0,283
call empty contract function + get account and get storage used,75571,9,0,0,8,0,0,0,0,0,0,0,2419,8,0,0,75571,5,0,8,151146,0,0,0,16137,0,480
emit event + get public account,47264,9,0,0,8,9636,0,0,0,0,0,9636,2533,8,0,0,37628,5,0,8,84896,0,0,0,0,0,271
emit event + get signer receiver,38901,9,0,0,8,15852,0,0,0,0,0,15852,4153,8,0,0,18251,5,0,8,52358,0,0,0,0,0,305
transfer tokens + get account and get storage used,11508,9,0,0,8,2934,0,978,0,2934,0,1956,4240,8,0,978,1728,5,0,8,23998,225,0,0,750,0,207
borrow array from storage,14189,9,0,0,8,0,0,0,0,0,0,0,4022,8,0,0,85134,5,0,8,212837,0,0,0,0,0,573
convert int to string,97820,9,0,0,8,0,0,0,0,0,0,0,2394,8,0,0,97820,5,0,8,195642,0,0,0,0,0,452
get account and get storage capacity + load and save long string on signers address,42229,2367,393,0,2366,0,0,0,0,0,0,0,897936,2366,0,0,20525,791,0,1973,62365,1189,0,0,0,0,396
add key to account + emit event,11228,9,0,0,8,5037,42121,0,0,0,0,5614,2533,8,0,0,5614,5,577,8,16269,0,0,0,0,577,85
get account and get storage used,16483,9,0,0,8,0,0,0,0,0,0,0,2312,8,0,0,16483,5,0,8,32968,0,0,0,16483,0,294
mint NFT + get account and get storage used,18084,9,0,0,8,1724,0,1724,1769,5172,0,0,6506,8,0,0,12912,5,0,8,34448,343922,0,0,11188,0,828
transfer tokens + copy array from storage,33791,9,0,0,8,6594,96130,2198,0,6594,0,4396,4773,8,0,2198,59876,5,0,8,194753,225,0,0,0,0,664
mint NFT + get signer vault,15930,9,0,0,8,476,0,476,489,1428,0,0,6782,8,0,0,14502,5,0,8,31388,95896,0,0,0,0,187
get account and get storage used,29554,9,0,0,8,0,0,0,0,0,0,0,2312,8,0,0,29554,5,0,8,59110,0,0,0,29554,0,387
load and save empty string on signers address + convert int to string and concatenate it,157534,9,0,0,8,0,0,0,0,0,0,0,3591,8,0,0,78767,5,0,8,167700,1148,0,0,0,0,397
borrow array from storage + copy array from storage,4018,9,0,0,8,0,16740,0,0,0,0,0,4124,8,0,0,24108,5,0,8,60274,0,0,0,0,0,123
add and remove key to/from account + get signer receiver,52992,9,0,0,8,0,107967,0,0,0,0,2958,3830,8,1479,0,17664,5,1479,8,36811,0,0,0,0,2958,625
copy array from storage and save a duplicate + reference tx,4656,9,0,0,8,0,38800,0,1552,0,0,0,4657,8,0,0,57106,5,0,8,74182,1722,0,0,0,0,260
create new account,101,1827,0,0,1826,0,0,0,0,0,101,101,2394,1826,0,0,101,611,0,614,204,0,0,0,0,0,137
reference tx,0,9,0,0,8,0,0,0,0,0,0,0,2394,8,0,0,295235,5,0,8,295237,0,0,0,0,0,354
load and save long string on signers address + create new account,46276,3069,0,0,3068,0,0,0,0,0,170,170,3468,3068,0,0,23223,1025,0,1028,69503,1189,0,0,0,0,576
get signer vault,16609,9,0,0,8,0,0,0,0,0,0,0,3590,8,0,0,16609,5,0,8,33220,0,0,0,0,0,215
create new account and deploy contract + get account and get storage used,14630,387,0,21,407,21,777,0,42,0,21,42,26588,407,0,0,14588,131,0,134,29201,3465,0,0,14567,42,373
load and save empty string on signers address,22054,9,0,0,8,0,0,0,0,0,0,0,3591,8,0,0,11027,5,0,8,33083,1148,0,0,0,0,99
get account and get storage capacity + get signer receiver,9716,1437,238,0,1436,0,0,0,0,0,0,0,545620,1436,0,0,3080,481,0,1198,6878,0,0,0,0,0,251
get public account,131483,9,0,0,8,0,0,0,0,0,0,0,2312,8,0,0,131483,5,0,8,262968,0,0,0,0,0,763
mint NFT + get signer address,19040,9,0,0,8,4760,0,4760,4883,14280,0,0,5375,8,0,0,188207,5,0,8,400218,931871,0,0,0,0,610
get public account,49123,9,0,0,8,0,0,0,0,0,0,0,2394,8,0,0,49123,5,0,8,98248,0,0,0,0,0,326
get account and get storage used,28277,9,0,0,8,0,0,0,0,0,0,0,2312,8,0,0,28277,5,0,8,56556,0,0,0,28277,0,376
create new account and deploy contract + create new account,234,2249,0,61,2309,61,2257,0,122,0,112,173,72828,2309,0,0,112,1125,0,1128,289,10063,0,0,0,122,220
reference tx + get public account,24879,9,0,0,8,0,0,0,0,0,0,0,2394,8,0,0,196818,5,0,8,221701,0,0,0,0,0,371
transfer tokens + get account and get available balance,14701,1695,0,0,1694,3243,0,1081,0,3243,0,2162,643673,1694,0,1081,1362,567,0,1413,28520,225,281,0,281,0,306
load and save empty string on signers address,44958,9,0,0,8,0,0,0,0,0,0,0,3591,8,0,0,22479,5,0,8,67439,1148,0,0,0,0,146
create new account + get public account,65912,3069,0,0,3068,0,0,0,0,0,170,170,2244,3068,0,0,65912,1025,0,1028,131828,0,0,0,0,0,710
mint NFT,26136,9,0,0,8,6534,0,6534,6702,19602,0,0,6127,8,0,0,6534,5,0,8,45740,1304855,0,0,0,0,413
get signer receiver,18699,9,0,0,8,0,0,0,0,0,0,0,4055,8,0,0,6233,5,0,8,12468,0,0,0,0,0,261
copy array from storage and save a duplicate,4671,9,0,0,8,0,38925,0,1557,0,0,0,4657,8,0,0,9342,5,0,8,26471,1722,0,0,0,0,83
get account and get storage capacity,60,81,12,0,80,0,0,0,0,0,0,0,29624,80,0,0,12,29,0,68,62,0,0,0,0,0,12
get signer vault,10588,9,0,0,8,0,0,0,0,0,0,0,3590,8,0,0,10588,5,0,8,21178,0,0,0,0,0,100
transfer tokens + mint NFT,30233,9,0,0,8,7886,0,5264,4055,15792,0,2622,7847,8,0,1311,5264,5,0,8,57828,791103,0,0,0,0,338
add and remove key to/from account,6582,9,0,0,8,0,160162,0,0,0,0,4388,2394,8,2194,0,2194,5,2194,8,6584,0,0,0,0,4388,337
reference tx + create new account,8,153,0,0,152,0,0,0,0,0,8,8,2394,152,0,0,98624,53,0,56,98636,0,0,0,0,0,186
get account and get available balance + emit event,10854,3963,0,0,3962,2132,0,0,0,0,0,2132,1502417,3962,0,0,2791,1323,0,3303,14967,0,659,0,659,0,439
get account and get storage capacity + convert int to string and concatenate it,10315,898,127,0,897,0,0,0,0,0,0,0,291364,897,0,0,4967,513,0,897,10319,0,0,0,0,0,61
add key to account + get account and get storage used,3770,9,0,0,8,0,84607,0,0,0,0,1159,2394,8,0,0,2611,5,1159,8,5226,0,0,0,1452,1159,233
copy array from storage and save a duplicate,9231,9,0,0,8,0,76925,0,3077,0,0,0,4534,8,0,0,18462,5,0,8,52311,1681,0,0,0,0,262
,0,1,0,0,1,0,0,0,0,0,0,0,2312,1,0,0,0,1,0,1,0,0,0,0,0,0,0
get signer receiver + call empty contract function,45073,9,0,0,8,0,0,0,0,0,0,0,4276,8,0,0,37127,5,0,8,74258,0,0,0,0,0,320
copy array from storage and save a duplicate + reference tx,333,9,0,0,8,0,2775,0,111,0,0,0,4657,8,0,0,116431,5,0,8,117656,1722,0,0,0,0,222
copy array from storage,7302,9,0,0,8,0,73020,0,0,0,0,0,4001,8,0,0,43812,5,0,8,109532,0,0,0,0,0,183
convert int to string,120528,9,0,0,8,0,0,0,0,0,0,0,2394,8,0,0,120528,5,0,8,241058,0,0,0,0,0,293
mint NFT + convert int to string and concatenate it,58268,9,0,0,8,2243,0,2243,2303,6729,0,0,6585,8,0,0,26891,5,0,8,65001,450852,0,0,0,0,201
transfer tokens + get account and get available balance,23101,3963,0,0,3962,4503,0,1501,0,4503,0,3002,1531143,3962,0,1501,2160,1323,0,3303,43094,225,659,0,659,0,1694
borrow array from storage,2759,9,0,0,8,0,0,0,0,0,0,0,4001,8,0,0,16554,5,0,8,41387,0,0,0,0,0,97
get account and get balance + create new account and deploy contract,621,3942,0,85,4026,85,3145,0,170,0,85,170,380196,4026,0,0,207,2075,0,2688,747,14025,0,122,0,170,191
borrow array from storage,6038,9,0,0,8,0,0,0,0,0,0,0,4124,8,0,0,36228,5,0,8,90572,0,0,0,0,0,198
get public account + get account and get balance,40057,6450,0,0,6449,0,0,0,0,0,0,0,779300,6449,0,0,39379,3395,0,5093,79440,0,0,339,0,0,379
convert int to string,147919,9,0,0,8,0,0,0,0,0,0,0,2312,8,0,0,147919,5,0,8,295840,0,0,0,0,0,417
add and remove key to/from account + mint NFT,2743,9,0,0,8,238,43581,238,245,714,0,1194,6035,8,597,0,835,5,597,8,3461,50584,0,0,0,1194,98
add key to account,10296,9,0,0,8,0,375804,0,0,0,0,5148,2244,8,0,0,5148,5,5148,8,10298,0,0,0,0,5148,900
mint NFT + transfer tokens,17075,9,0,0,8,4388,0,3434,3032,10302,0,954,6596,8,0,477,3434,5,0,8,31674,579495,0,0,0,0,251
emit event,31552,9,0,0,8,15776,0,0,0,0,0,15776,2535,8,0,0,15776,5,0,8,47330,0,0,0,0,0,122
get account and get storage used,19639,9,0,0,8,0,0,0,0,0,0,0,2312,8,0,0,19639,5,0,8,39280,0,0,0,19639,0,218
get public account + copy array from storage and save a duplicate,29943,9,0,0,8,0,6100,0,244,0,0,0,4534,8,0,0,30675,5,0,8,62574,1681,0,0,0,0,165
get account and get storage capacity + get public account,69687,4743,789,0,4742,0,0,0,0,0,0,0,1830507,4742,0,0,66531,1583,0,3953,135433,0,0,0,0,0,734
create new account + load and save empty string on signers address,43513,1709,0,0,1708,0,0,0,0,0,85,85,3468,1708,0,0,21799,855,0,858,65316,1148,0,0,0,0,303
convert int to string,268919,9,0,0,8,0,0,0,0,0,0,0,2244,8,0,0,268919,5,0,8,537840,0,0,0,0,0,772
convert int to string and concatenate it + get account and get balance,2650,6813,0,0,6812,0,0,0,0,0,0,0,884268,6812,0,0,1136,2273,0,4166,3032,0,0,378,0,0,183
get account and get storage used + load and save long string on signers address,14050,9,0,0,8,0,0,0,0,0,0,0,3468,8,0,0,9548,5,0,8,23602,1189,0,0,5046,0,86
get public account + emit event,43602,9,0,0,8,17854,0,0,0,0,0,17854,2615,8,0,0,25748,5,0,8,69354,0,0,0,0,0,256
get account and get storage capacity + convert int to string and concatenate it,138435,1479,245,0,1478,0,0,0,0,0,0,0,559932,1478,0,0,68850,495,0,1233,138439,0,0,0,0,0,441
copy array from storage,9817,9,0,0,8,0,98170,0,0,0,0,0,4124,8,0,0,58902,5,0,8,147257,0,0,0,0,0,298
borrow array from storage,2936,9,0,0,8,0,0,0,0,0,0,0,4124,8,0,0,17616,5,0,8,44042,0,0,0,0,0,106
create new account and deploy contract,312,1985,0,104,2088,104,3848,0,208,0,104,208,122536,2088,0,0,104,1045,0,1048,314,17159,0,0,0,208,235
create new account + copy array from storage,222,699,0,0,698,0,1920,0,0,0,30,30,4124,698,0,0,1182,545,0,548,2944,0,0,0,0,0,80
copy array from storage and save a duplicate + copy array from storage,7191,9,0,0,8,0,63320,0,1718,0,0,0,4534,8,0,0,22530,5,0,8,59765,1681,0,0,0,0,136
add and remove key to/from account + get signer vault,40522,9,0,0,8,0,107967,0,0,0,0,2958,3713,8,1479,0,37564,5,1479,8,76611,0,0,0,0,2958,654
add and remove key to/from account + transfer tokens,7885,9,0,0,8,1707,39566,569,0,1707,0,2222,4240,8,542,569,1111,5,542,8,14717,225,0,0,0,1084,182
reference tx,0,9,0,0,8,0,0,0,0,0,0,0,2394,8,0,0,586824,5,0,8,586826,0,0,0,0,0,775
load and save long string on signers address,190012,9,0,0,8,0,0,0,0,0,0,0,3591,8,0,0,95006,5,0,8,285020,1189,0,0,0,0,848
borrow array from storage,2948,9,0,0,8,0,0,0,0,0,0,0,4001,8,0,0,17688,5,0,8,44222,0,0,0,0,0,143
mint NFT,8632,9,0,0,8,2158,0,2158,2214,6474,0,0,4980,8,0,0,2158,5,0,8,15108,423639,0,0,0,0,123
reference tx + get account and get storage used,16137,9,0,0,8,0,0,0,0,0,0,0,2200,8,0,0,309549,5,0,8,325690,0,0,0,16137,0,655
convert int to string,73327,9,0,0,8,0,0,0,0,0,0,0,2394,8,0,0,73327,5,0,8,146656,0,0,0,0,0,240
get account and get storage used,10479,9,0,0,8,0,0,0,0,0,0,0,2312,8,0,0,10479,5,0,8,20960,0,0,0,10479,0,156
get account and get storage capacity,7890,9477,1578,0,9476,0,0,0,0,0,0,0,3658620,9476,0,0,1578,3161,0,7898,7892,0,0,0,0,0,1018
borrow array from storage,14189,9,0,0,8,0,0,0,0,0,0,0,3899,8,0,0,85134,5,0,8,212837,0,0,0,0,0,942
create new account and deploy contract,384,2441,0,128,2568,128,4736,0,256,0,128,256,155610,2568,0,0,128,1285,0,1288,386,21120,0,0,0,256,311
load and save empty string on signers address,55994,9,0,0,8,0,0,0,0,0,0,0,3468,8,0,0,27997,5,0,8,83993,1148,0,0,0,0,249
load and save long string on signers address,101682,9,0,0,8,0,0,0,0,0,0,0,3468,8,0,0,50841,5,0,8,152525,1189,0,0,0,0,387
get signer address,0,9,0,0,8,0,0,0,0,0,0,0,2312,8,0,0,62725,5,0,8,125452,0,0,0,0,0,101
copy array from storage and save a duplicate + emit event,10031,9,0,0,8,3934,18025,0,721,0,0,3934,4755,8,0,0,8260,5,0,8,24063,1681,0,0,0,0,123
create new account + get signer vault,36255,3069,0,0,3068,0,0,0,0,0,170,170,3590,3068,0,0,36255,1025,0,1028,72514,0,0,0,0,0,922
get signer address + emit event,53392,9,0,0,8,26696,0,0,0,0,0,26696,2545,8,0,0,210143,5,0,8,446986,0,0,0,0,0,565
get account and get storage capacity + add and remove key to/from account,8382,4743,789,0,4742,0,107967,0,0,0,0,2958,1830507,4742,1479,0,2268,1583,1479,3953,8386,0,0,0,0,2958,650
load and save empty string on signers address,2480,9,0,0,8,0,0,0,0,0,0,0,3468,8,0,0,1240,5,0,8,3722,1148,0,0,0,0,10
create new account and deploy contract + copy array from storage,1390,389,0,20,408,20,14040,0,40,0,20,40,27121,408,0,0,8000,205,0,208,20014,3300,0,0,0,40,81
copy array from storage and save a duplicate + mint NFT,17179,9,0,0,8,3664,21025,3664,4600,10992,0,0,8542,8,0,0,8710,5,0,8,39949,727890,0,0,0,0,197
transfer tokens,2695,9,0,0,8,735,0,245,0,735,0,490,4240,8,0,245,245,5,0,8,5637,225,0,0,0,0,44
emit event + create new account and deploy contract,1517,819,0,45,863,736,1665,0,90,0,45,781,56480,863,0,0,736,275,0,278,2212,7425,0,0,0,90,84
emit event + transfer tokens,13377,9,0,0,8,4861,0,731,0,2193,0,4130,4338,8,0,731,3399,5,0,8,24821,225,0,0,0,0,112
reference tx,0,9,0,0,8,0,0,0,0,0,0,0,2312,8,0,0,115222,5,0,8,115224,0,0,0,0,0,148
create new account and deploy contract + reference tx,174,1053,0,58,1110,58,2146,0,116,0,58,116,71820,1110,0,0,88477,353,0,356,88597,9570,0,0,0,116,290
get account and get balance + load and save empty string on signers address,49894,5345,0,0,5344,0,0,0,0,0,0,0,535212,5344,0,0,24831,4181,0,5344,74729,1148,0,232,0,0,320
get signer address,0,9,0,0,8,0,0,0,0,0,0,0,2394,8,0,0,29954,5,0,8,59910,0,0,0,0,0,44
create new account and deploy contract,576,3657,0,192,3848,192,7104,0,384,0,192,384,224264,3848,0,0,192,1925,0,1928,578,31678,0,0,0,384,373
get account and get storage capacity + emit event,20304,381,62,0,380,9997,0,0,0,0,0,9997,143645,380,0,0,10059,129,0,318,30305,0,0,0,0,0,123
emit event + get account and get storage capacity,13224,163,22,0,162,6557,0,0,0,0,0,6557,52605,162,0,0,6579,93,0,162,19785,0,0,0,0,0,67
get signer receiver + add key to account,8142,9,0,0,8,0,100521,0,0,0,0,1377,3932,8,0,0,3173,5,1377,8,6350,0,0,0,0,1377,230
reference tx + get account and get storage used,3466,9,0,0,8,0,0,0,0,0,0,0,2312,8,0,0,168333,5,0,8,171803,0,0,0,3466,0,315
,15,7,0,0,6,5,0,2,0,6,0,3,4036,6,0,2,0,4,0,6,27,226,0,0,0,0,8
borrow array from storage + get account and get storage capacity,11040,4743,789,0,4742,0,0,0,0,0,0,0,1772837,4742,0,0,43359,1583,0,3953,110374,0,0,0,0,0,775
get signer vault + emit event,18714,9,0,0,8,8236,0,0,0,0,0,8236,3811,8,0,0,10478,5,0,8,29196,0,0,0,0,0,124
get account and get balance + convert int to string,68155,7267,0,0,7266,0,0,0,0,0,0,0,893600,7266,0,0,67391,3825,0,5738,135550,0,0,382,0,0,397
create new account + mint NFT,9256,2137,0,0,2136,2286,0,2286,2345,6858,112,112,6048,2136,0,0,2398,1125,0,1128,16230,458900,0,0,0,0,327
copy array from storage + get signer receiver,11469,9,0,0,8,0,13140,0,0,0,0,0,4465,8,0,0,11269,5,0,8,26484,0,0,0,0,0,95
convert int to string + get public account,53176,9,0,0,8,0,0,0,0,0,0,0,2312,8,0,0,53176,5,0,8,106356,0,0,0,0,0,212
copy array from storage and save a duplicate,2433,9,0,0,8,0,20275,0,811,0,0,0,4534,8,0,0,4866,5,0,8,13789,1681,0,0,0,0,45
load and save empty string on signers address + get signer address,57088,9,0,0,8,0,0,0,0,0,0,0,3468,8,0,0,111236,5,0,8,251020,1148,0,0,0,0,383
create new account + get public account,65912,3069,0,0,3068,0,0,0,0,0,170,170,2244,3068,0,0,65912,1025,0,1028,131828,0,0,0,0,0,584
copy array from storage and save a duplicate,3894,9,0,0,8,0,32450,0,1298,0,0,0,4657,8,0,0,7788,5,0,8,22068,1722,0,0,0,0,171
emit event,62830,9,0,0,8,31415,0,0,0,0,0,31415,2615,8,0,0,31415,5,0,8,94247,0,0,0,0,0,1027
create new account + transfer tokens,10103,3239,0,0,3238,2709,0,903,0,2709,170,1976,4117,3238,0,903,1073,1705,0,1708,21113,225,0,0,0,0,481
transfer tokens + emit event,77570,9,0,0,8,33290,0,2198,0,6594,0,31092,4236,8,0,2198,28894,5,0,8,130646,225,0,0,0,0,1014
load and save empty string on signers address + create new account and deploy contract,1364,369,0,20,388,20,740,0,40,0,20,40,26588,388,0,0,672,125,0,128,2020,4448,0,0,0,40,172
copy array from storage and save a duplicate + load and save long string on signers address,27559,9,0,0,8,0,21925,0,877,0,0,0,4657,8,0,0,17726,5,0,8,52305,1722,0,0,0,0,131
get account and get balance + get account and get available balance,8225,17157,0,0,17156,0,0,0,0,0,0,0,2683800,17156,0,0,1204,12451,0,17156,10751,0,659,545,659,0,971
get public account + transfer tokens,44670,9,0,0,8,3267,0,1089,0,3267,0,2178,4240,8,0,1089,33780,5,0,8,90433,225,0,0,0,0,498
emit event,28684,9,0,0,8,14342,0,0,0,0,0,14342,2535,8,0,0,14342,5,0,8,43028,0,0,0,0,0,118
get signer receiver + emit event,14680,9,0,0,8,5696,0,0,0,0,0,5696,4153,8,0,0,6792,5,0,8,19284,0,0,0,0,0,67
get account and get storage capacity + convert int to string,49007,3009,500,0,3008,0,0,0,0,0,0,0,1140312,3008,0,0,47007,1005,0,2508,95518,0,0,0,0,0,350
get account and get storage used,11443,9,0,0,8,0,0,0,0,0,0,0,2394,8,0,0,11443,5,0,8,22888,0,0,0,11443,0,160
add key to account,5244,9,0,0,8,0,191406,0,0,0,0,2622,2394,8,0,0,2622,5,2622,8,5246,0,0,0,0,2622,285
get public account + reference tx,39295,9,0,0,8,0,0,0,0,0,0,0,2394,8,0,0,128610,5,0,8,167909,0,0,0,0,0,304
get signer address + get account and get storage capacity,660,933,132,0,932,0,0,0,0,0,0,0,302744,932,0,0,23577,533,0,932,47554,0,0,0,0,0,84
get account and get storage used,14600,9,0,0,8,0,0,0,0,0,0,0,2312,8,0,0,14600,5,0,8,29202,0,0,0,14600,0,162
get signer vault + load and save empty string on signers address,18869,9,0,0,8,0,0,0,0,0,0,0,3590,8,0,0,10964,5,0,8,29837,1148,0,0,0,0,84
borrow array from storage + create new account and deploy contract,81,225,0,12,236,12,444,0,24,0,12,24,17873,236,0,0,282,77,0,80,715,1980,0,0,0,24,31
borrow array from storage + load and save long string on signers address,55486,9,0,0,8,0,0,0,0,0,0,0,4124,8,0,0,47125,5,0,8,130807,1189,0,0,0,0,439
load and save empty string on signers address + call empty contract function,25159,9,0,0,8,0,0,0,0,0,0,0,3689,8,0,0,13785,5,0,8,38948,1148,0,0,0,0,179
load and save long string on signers address + get public account,46676,9,0,0,8,0,0,0,0,0,0,0,3468,8,0,0,32447,5,0,8,79127,1189,0,0,0,0,259
copy array from storage + get account and get available balance,4362,1581,0,0,1580,0,17420,0,0,0,0,0,600313,1580,0,0,10714,529,0,1318,29540,0,262,0,262,0,149
copy array from storage and save a duplicate + get signer vault,20759,9,0,0,8,0,25250,0,1010,0,0,0,4656,8,0,0,23789,5,0,8,52632,1681,0,0,0,0,279
copy array from storage and save a duplicate,864,9,0,0,8,0,7200,0,288,0,0,0,4534,8,0,0,1728,5,0,8,4898,1681,0,0,0,0,20
add key to account,5798,9,0,0,8,0,211627,0,0,0,0,2899,2312,8,0,0,2899,5,2899,8,5800,0,0,0,0,2899,323
convert int to string and concatenate it,274420,9,0,0,8,0,0,0,0,0,0,0,2312,8,0,0,137210,5,0,8,274422,0,0,0,0,0,659
get account and get available balance,13180,7917,0,0,7916,0,0,0,0,0,0,0,3002080,7916,0,0,1318,2641,0,6598,17136,0,1318,0,1318,0,592
convert int to string + add key to account,21308,9,0,0,8,0,118698,0,0,0,0,1626,2312,8,0,0,19682,5,1626,8,39368,0,0,0,0,1626,170
load and save empty string on signers address + convert int to string,227538,9,0,0,8,0,0,0,0,0,0,0,3366,8,0,0,180999,5,0,8,408541,1114,0,0,0,0,749
load and save long string on signers address + borrow array from storage,47476,9,0,0,8,0,0,0,0,0,0,0,4124,8,0,0,40238,5,0,8,111718,1189,0,0,0,0,318
add key to account + create new account and deploy contract,5571,2688,0,141,2828,141,193119,0,282,0,141,2856,171171,2828,0,0,2715,1415,2574,1418,5575,23263,0,0,0,2856,676
get signer address + convert int to string and concatenate it,91918,9,0,0,8,0,0,0,0,0,0,0,2394,8,0,0,95165,5,0,8,190334,0,0,0,0,0,233
emit event + create new account and deploy contract,9879,207,0,11,217,4934,407,0,22,0,11,4945,15782,217,0,0,4934,71,0,74,14806,1815,0,0,0,22,63
mint NFT + get account and get balance,7584,225,0,0,224,1887,0,1887,1936,5661,0,0,33777,224,0,0,1899,77,0,140,13261,375916,0,12,0,0,108
add key to account + get public account,70890,9,0,0,8,0,187902,0,0,0,0,2574,2394,8,0,0,68316,5,2574,8,136636,0,0,0,0,2574,878
mint NFT,14144,9,0,0,8,3536,0,3536,3627,10608,0,0,5210,8,0,0,3536,5,0,8,24754,692841,0,0,0,0,232
add and remove key to/from account + get account and get storage used,2748,9,0,0,8,0,42997,0,0,0,0,1178,2312,8,589,0,1570,5,589,8,3733,0,0,0,981,1178,124
convert int to string and concatenate it + get account and get available balance,143800,3963,0,0,3962,0,0,0,0,0,0,0,1502196,3962,0,0,69264,1323,0,3303,145781,0,659,0,659,0,846
get signer receiver + load and save long string on signers address,143561,9,0,0,8,0,0,0,0,0,0,0,3830,8,0,0,63688,5,0,8,174883,1155,0,0,0,0,905
get public account + create new account and deploy contract,66165,3252,0,141,3392,141,5217,0,282,0,141,282,160446,3392,0,0,65883,2543,0,2546,131911,23265,0,0,0,282,691
get signer address + get account and get storage capacity,1600,1929,320,0,1928,0,0,0,0,0,0,0,730632,1928,0,0,10933,645,0,1608,22830,0,0,0,0,0,217
load and save long string on signers address,39546,9,0,0,8,0,0,0,0,0,0,0,3591,8,0,0,19773,5,0,8,59321,1189,0,0,0,0,132
get signer receiver,17676,9,0,0,8,0,0,0,0,0,0,0,4055,8,0,0,5892,5,0,8,11786,0,0,0,0,0,104
copy array from storage,8012,9,0,0,8,0,80120,0,0,0,0,0,4124,8,0,0,48072,5,0,8,120182,0,0,0,0,0,201
add key to account,4496,9,0,0,8,0,164104,0,0,0,0,2248,2326,8,0,0,2248,5,2248,8,4498,0,0,0,0,2248,237
copy array from storage and save a duplicate + create new account and deploy contract,5445,1339,0,70,1408,70,46215,0,1885,0,70,140,85454,1408,0,0,10540,705,0,708,29879,13230,0,0,0,140,308
get account and get storage used + borrow array from storage,6190,9,0,0,8,0,0,0,0,0,0,0,4001,8,0,0,31365,5,0,8,77839,0,0,0,1155,0,270
get signer receiver + copy array from storage and save a duplicate,50061,9,0,0,8,0,12550,0,502,0,0,0,4998,8,0,0,19197,5,0,8,40908,1681,0,0,0,0,392
load and save long string on signers address + copy array from storage,58194,9,0,0,8,0,54220,0,0,0,0,0,4124,8,0,0,58918,5,0,8,160492,1189,0,0,0,0,403
get account and get available balance,4600,2769,0,0,2768,0,0,0,0,0,0,0,1049272,2768,0,0,460,925,0,2308,5982,0,460,0,460,0,179
create new account and deploy contract,552,3321,0,184,3504,184,6808,0,368,0,184,368,215016,3504,0,0,184,1109,0,1112,554,30360,0,0,0,368,443
get signer vault + copy array from storage,3438,9,0,0,8,0,33570,0,0,0,0,0,4123,8,0,0,20223,5,0,8,50521,0,0,0,0,0,109
get public account + get account and get balance,24128,2385,0,0,2384,0,0,0,0,0,0,0,310350,2384,0,0,23864,797,0,1460,47996,0,0,132,0,0,242
copy array from storage + get signer address,9613,9,0,0,8,0,96130,0,0,0,0,0,3899,8,0,0,241125,5,0,8,511093,0,0,0,0,0,926
copy array from storage + convert int to string,35189,9,0,0,8,0,18730,0,0,0,0,0,4001,8,0,0,44554,5,0,8,94731,0,0,0,0,0,167
convert int to string and concatenate it + emit event,32374,9,0,0,8,4106,0,0,0,0,0,4106,2615,8,0,0,16187,5,0,8,36484,0,0,0,0,0,70
copy array from storage,19226,9,0,0,8,0,192260,0,0,0,0,0,4124,8,0,0,115356,5,0,8,288392,0,0,0,0,0,704
get account and get storage used,17694,9,0,0,8,0,0,0,0,0,0,0,2394,8,0,0,17694,5,0,8,35390,0,0,0,17694,0,348
add key to account,4270,9,0,0,8,0,155855,0,0,0,0,2135,2312,8,0,0,2135,5,2135,8,4272,0,0,0,0,2135,601
get account and get balance,1896,12017,0,0,12016,0,0,0,0,0,0,0,1450856,12016,0,0,632,6325,0,9488,2530,0,0,632,0,0,275
get account and get available balance + add and remove key to/from account,7013,3963,0,0,3962,0,10293,0,0,0,0,282,1502196,3962,141,0,800,1323,141,3303,8994,0,659,0,659,282,385
borrow array from storage + get account and get storage used,23232,9,0,0,8,0,0,0,0,0,0,0,4022,8,0,0,58707,5,0,8,138703,0,0,0,16137,0,458
convert int to string and concatenate it + get signer vault,19992,9,0,0,8,0,0,0,0,0,0,0,3590,8,0,0,13216,5,0,8,26436,0,0,0,0,0,88
create new account and deploy contract + get public account,867,1485,0,82,1566,82,3034,0,164,0,82,164,100548,1566,0,0,703,497,0,500,1492,13530,0,0,0,164,150
get signer address + get signer vault,17617,9,0,0,8,0,0,0,0,0,0,0,3713,8,0,0,52003,5,0,8,104010,0,0,0,0,0,299
copy array from storage,6092,9,0,0,8,0,60920,0,0,0,0,0,4124,8,0,0,36552,5,0,8,91382,0,0,0,0,0,158
load and save long string on signers address,86070,9,0,0,8,0,0,0,0,0,0,0,3591,8,0,0,43035,5,0,8,129107,1189,0,0,0,0,522
convert int to string,50515,9,0,0,8,0,0,0,0,0,0,0,2312,8,0,0,50515,5,0,8,101032,0,0,0,0,0,147
get account and get storage used + borrow array from storage,15846,9,0,0,8,0,0,0,0,0,0,0,4001,8,0,0,29411,5,0,8,66965,0,0,0,13133,0,256
copy array from storage + add and remove key to/from account,7251,9,0,0,8,0,121444,0,0,0,0,2276,4001,8,1138,0,24160,5,1138,8,60973,0,0,0,0,2276,359
convert int to string and concatenate it + get signer address,912,9,0,0,8,0,0,0,0,0,0,0,2312,8,0,0,18228,5,0,8,36460,0,0,0,0,0,88
copy array from storage and save a duplicate + create new account,2549,909,0,0,908,0,20825,0,833,0,50,50,4534,908,0,0,5048,305,0,308,14265,1681,0,0,0,0,117
get account and get available balance + add and remove key to/from account,1470,243,0,0,242,0,26280,0,0,0,0,720,91076,242,360,0,399,83,360,203,1591,0,39,0,39,720,116
,15,7,0,0,6,5,0,2,0,6,0,3,4036,6,0,2,0,4,0,6,27,226,0,0,0,0,9
get signer vault,72170,9,0,0,8,0,0,0,0,0,0,0,3590,8,0,0,72170,5,0,8,144342,0,0,0,0,0,999
get account and get available balance + emit event,10698,3963,0,0,3962,2054,0,0,0,0,0,2054,1529518,3962,0,0,2713,1323,0,3303,14733,0,659,0,659,0,337
borrow array from storage + convert int to string and concatenate it,57466,9,0,0,8,0,0,0,0,0,0,0,4124,8,0,0,34662,5,0,8,72562,0,0,0,0,0,141
convert int to string and concatenate it + get signer vault,78111,9,0,0,8,0,0,0,0,0,0,0,3590,8,0,0,45632,5,0,8,91268,0,0,0,0,0,260
reference tx,0,9,0,0,8,0,0,0,0,0,0,0,2312,8,0,0,347903,5,0,8,347905,0,0,0,0,0,381
copy array from storage + get signer vault,45698,9,0,0,8,0,96130,0,0,0,0,0,4021,8,0,0,93763,5,0,8,216369,0,0,0,0,0,603
,2,1,0,0,0,0,10,0,1,0,0,0,3201,0,0,0,0,0,0,0,2,1625,0,0,0,1,2
create new account,339,6111,0,0,6110,0,0,0,0,0,339,339,2394,6110,0,0,339,2039,0,2042,680,0,0,0,0,0,667
get account and get balance,3270,20719,0,0,20718,0,0,0,0,0,0,0,2545364,20718,0,0,1090,10905,0,16358,4362,0,0,1090,0,0,697
create new account and deploy contract + mint NFT,5177,1287,0,71,1357,1312,2627,1241,1415,3723,71,142,90463,1357,0,0,1312,431,0,434,8904,256889,0,0,0,142,242
add key to account,1348,9,0,0,8,0,49202,0,0,0,0,674,2312,8,0,0,674,5,674,8,1350,0,0,0,0,674,83
get account and get storage capacity + copy array from storage,5633,1299,215,0,1298,0,45580,0,0,0,0,0,502279,1298,0,0,27563,435,0,1083,69449,0,0,0,0,0,199
create new account,110,1989,0,0,1988,0,0,0,0,0,110,110,2312,1988,0,0,110,665,0,668,222,0,0,0,0,0,341
copy array from storage + create new account,4025,1143,0,0,1142,0,39620,0,0,0,63,63,4124,1142,0,0,23835,383,0,386,59560,0,0,0,0,0,263
,2,1,0,1,1,1,764,0,3,0,0,1,3201,1,0,0,0,0,0,0,3,274,0,0,0,3,5
create new account and deploy contract,477,2871,0,159,3029,159,5883,0,318,0,159,318,186116,3029,0,0,159,959,0,962,479,26235,0,0,0,318,439
create new account and deploy contract,186,1125,0,62,1186,62,2294,0,124,0,62,124,76608,1186,0,0,62,377,0,380,188,10230,0,0,0,124,152
get account and get available balance,570,351,0,0,350,0,0,0,0,0,0,0,134463,350,0,0,57,119,0,293,743,0,57,0,57,0,23
emit event + copy array from storage and save a duplicate,14034,9,0,0,8,5394,27050,0,1082,0,0,5394,4878,8,0,0,11886,5,0,8,34580,1722,0,0,0,0,307
get account and get balance + get account and get storage capacity,1651,6555,140,0,6554,0,0,0,0,0,0,0,1047516,6554,0,0,457,2187,0,4195,1972,0,0,317,0,0,201
convert int to string + load and save empty string on signers address,97643,9,0,0,8,0,0,0,0,0,0,0,3468,8,0,0,78755,5,0,8,176402,1148,0,0,0,0,1090
copy array from storage + borrow array from storage,3326,9,0,0,8,0,14370,0,0,0,0,0,4124,8,0,0,19956,5,0,8,49894,0,0,0,0,0,107
reference tx,0,9,0,0,8,0,0,0,0,0,0,0,2394,8,0,0,323208,5,0,8,323210,0,0,0,0,0,454
convert int to string and concatenate it,21034,9,0,0,8,0,0,0,0,0,0,0,2394,8,0,0,10517,5,0,8,21036,0,0,0,0,0,40
load and save empty string on signers address + call empty contract function,24398,9,0,0,8,0,0,0,0,0,0,0,3689,8,0,0,12280,5,0,8,36682,1148,0,0,0,0,138
get account and get storage capacity + convert int to string and concatenate it,137980,933,154,0,932,0,0,0,0,0,0,0,359212,932,0,0,68759,313,0,778,137984,0,0,0,0,0,521
get signer vault + get account and get balance,37225,7229,0,0,7228,0,0,0,0,0,0,0,874550,7228,0,0,36465,3805,0,5708,73694,0,0,380,0,0,803
transfer tokens + get public account,26642,9,0,0,8,927,0,309,0,927,0,618,4117,8,0,309,23552,5,0,8,53597,225,0,0,0,0,196
transfer tokens + add key to account,14641,9,0,0,8,2943,140525,981,0,2943,0,3887,4117,8,0,981,2906,5,1925,8,26417,225,0,0,0,1925,359
borrow array from storage,5382,9,0,0,8,0,0,0,0,0,0,0,4124,8,0,0,32292,5,0,8,80732,0,0,0,0,0,177
get account and get balance,819,5196,0,0,5195,0,0,0,0,0,0,0,639303,5195,0,0,273,2735,0,4103,1094,0,0,273,0,0,192
get account and get balance + mint NFT,13686,3645,0,0,3644,3270,0,3270,3355,9810,0,0,468696,3644,0,0,3472,1217,0,2230,23702,645991,0,202,0,0,259
get account and get storage used,6936,9,0,0,8,0,0,0,0,0,0,0,2394,8,0,0,6936,5,0,8,13874,0,0,0,6936,0,671
convert int to string and concatenate it + emit event,190602,9,0,0,8,26696,0,0,0,0,0,26696,2465,8,0,0,95301,5,0,8,217302,0,0,0,0,0,669
get account and get storage capacity + borrow array from storage,1585,279,45,0,278,0,0,0,0,0,0,0,106421,278,0,0,8205,95,0,233,20629,0,0,0,0,0,77
transfer tokens + load and save long string on signers address,30821,9,0,0,8,3345,0,1115,0,3345,0,2230,4240,8,0,1115,10393,5,0,8,53483,1414,0,0,0,0,277
borrow array from storage,4903,9,0,0,8,0,0,0,0,0,0,0,4124,8,0,0,29418,5,0,8,73547,0,0,0,0,0,164
get account and get balance,672,4265,0,0,4264,0,0,0,0,0,0,0,524986,4264,0,0,224,2245,0,3368,898,0,0,224,0,0,116
call empty contract function + transfer tokens,33349,9,0,0,8,1893,0,631,0,1893,0,1262,4338,8,0,631,27039,5,0,8,67333,225,0,0,0,0,302
copy array from storage,19226,9,0,0,8,0,192260,0,0,0,0,0,4001,8,0,0,115356,5,0,8,288392,0,0,0,0,0,1019
copy array from storage and save a duplicate + convert int to string and concatenate it,142106,9,0,0,8,0,40800,0,1632,0,0,0,4657,8,0,0,78397,5,0,8,164958,1722,0,0,0,0,684
transfer tokens,31009,9,0,0,8,8457,0,2819,0,8457,0,5638,4117,8,0,2819,2819,5,0,8,64839,225,0,0,0,0,402
get account and get balance,1611,12360,0,0,12359,0,0,0,0,0,0,0,1255215,12359,0,0,537,9671,0,12359,2150,0,0,537,0,0,406
load and save empty string on signers address,39244,9,0,0,8,0,0,0,0,0,0,0,3468,8,0,0,19622,5,0,8,58868,1148,0,0,0,0,131
get signer address + create new account and deploy contract,126,765,0,42,806,42,1554,0,84,0,42,84,50864,806,0,0,4341,257,0,260,8728,6928,0,0,0,84,90
get account and get storage capacity + copy array from storage,5130,2451,407,0,2450,0,30950,0,0,0,0,0,930333,2450,0,0,18977,819,0,2043,48464,0,0,0,0,0,230
transfer tokens + get account and get balance,25813,9819,0,0,9818,6594,0,2198,0,6594,0,4396,1234625,9818,0,2198,2743,3275,0,6003,52738,225,0,545,0,0,785
mint NFT + add key to account,16498,9,0,0,8,3235,129867,3235,3318,9705,0,1779,4931,8,0,0,5014,5,1779,8,26207,633743,0,0,0,1779,535
get account and get balance + get signer address,1203,7628,0,0,7627,0,0,0,0,0,0,0,937927,7627,0,0,12286,4015,0,6023,25378,0,0,401,0,0,292
emit event + get account and get storage used,16729,9,0,0,8,7080,0,0,0,0,0,7080,2615,8,0,0,9649,5,0,8,26382,0,0,0,2569,0,998
get account and get available balance + call empty contract function,12655,321,0,0,320,0,0,0,0,0,0,0,120885,320,0,0,12187,109,0,268,24950,0,52,0,52,0,67
reference tx,0,9,0,0,8,0,0,0,0,0,0,0,2312,8,0,0,295199,5,0,8,295201,0,0,0,0,0,442
load and save empty string on signers address + get signer vault,76067,9,0,0,8,0,0,0,0,0,0,0,3590,8,0,0,56076,5,0,8,132147,1148,0,0,0,0,697
load and save long string on signers address,60230,9,0,0,8,0,0,0,0,0,0,0,3468,8,0,0,30115,5,0,8,90347,1189,0,0,0,0,197
get account and get available balance + load and save empty string on signers address,25646,1431,0,0,1430,0,0,0,0,0,0,0,542880,1430,0,0,11875,479,0,1193,37999,1148,237,0,237,0,160
create new account and deploy contract + get account and get balance,741,4455,0,8,4462,8,296,0,16,0,8,16,559348,4462,0,0,247,1487,0,2685,984,1320,0,239,0,16,125
get signer receiver + add key to account,16433,9,0,0,8,0,99718,0,0,0,0,1366,3932,8,0,0,5933,5,1366,8,11870,0,0,0,0,1366,391
get account and get storage used,29944,9,0,0,8,0,0,0,0,0,0,0,2312,8,0,0,29944,5,0,8,59890,0,0,0,29944,0,354
mint NFT + create new account,19210,3069,0,0,3068,4760,0,4760,4881,14280,170,170,2668,3068,0,0,4930,1025,0,1028,33664,928744,0,0,0,0,687
borrow array from storage,5299,9,0,0,8,0,0,0,0,0,0,0,4001,8,0,0,31794,5,0,8,79487,0,0,0,0,0,253
get signer vault + copy array from storage and save a duplicate,38176,9,0,0,8,0,17425,0,697,0,0,0,4779,8,0,0,40267,5,0,8,84023,1722,0,0,0,0,551
create new account and deploy contract,843,5067,0,281,5347,281,10397,0,562,0,281,562,317526,5347,0,0,281,1691,0,1694,845,46364,0,0,0,562,732
call empty contract function + add key to account,33520,9,0,0,8,0,37522,0,0,0,0,514,2533,8,0,0,33006,5,514,8,66016,0,0,0,0,514,221
convert int to string and concatenate it + get signer address,137210,9,0,0,8,0,0,0,0,0,0,0,2312,8,0,0,252052,5,0,8,504108,0,0,0,0,0,643
copy array from storage + get signer address,774,9,0,0,8,0,7740,0,0,0,0,0,4124,8,0,0,21310,5,0,8,44946,0,0,0,0,0,49
get signer receiver + load and save empty string on signers address,61520,9,0,0,8,0,0,0,0,0,0,0,4055,8,0,0,29475,5,0,8,85859,1148,0,0,0,0,241
get account and get storage capacity + get signer receiver,52500,4743,789,0,4742,0,0,0,0,0,0,0,1799696,4742,0,0,16974,1583,0,3953,36319,0,0,0,0,0,1092
call empty contract function + get account and get available balance,7474,1185,0,0,1184,0,0,0,0,0,0,0,384901,1184,0,0,5962,677,0,1184,13776,0,168,0,168,0,87
copy array from storage + convert int to string and concatenate it,67061,9,0,0,8,0,44210,0,0,0,0,0,4001,8,0,0,57846,5,0,8,128959,0,0,0,0,0,1885
get account and get available balance + convert int to string and concatenate it,143800,3963,0,0,3962,0,0,0,0,0,0,0,1529297,3962,0,0,69264,1323,0,3303,145781,0,659,0,659,0,700
add and remove key to/from account + get account and get storage capacity,979,687,113,0,686,0,10074,0,0,0,0,276,264215,686,138,0,251,231,138,573,983,0,0,0,0,276,62
create new account + emit event,19754,1377,0,0,1376,9839,0,0,0,0,76,9915,2533,1376,0,0,9915,461,0,464,29673,0,0,0,0,0,267
load and save empty string on signers address,77838,9,0,0,8,0,0,0,0,0,0,0,3591,8,0,0,38919,5,0,8,116759,1148,0,0,0,0,324
get signer vault + borrow array from storage,43180,9,0,0,8,0,0,0,0,0,0,0,4246,8,0,0,78655,5,0,8,178599,0,0,0,0,0,681
copy array from storage and save a duplicate,3297,9,0,0,8,0,27475,0,1099,0,0,0,4534,8,0,0,6594,5,0,8,18685,1681,0,0,0,0,308
get signer address,0,9,0,0,8,0,0,0,0,0,0,0,2394,8,0,0,47947,5,0,8,95896,0,0,0,0,0,77
load and save empty string on signers address + get public account,99537,9,0,0,8,0,0,0,0,0,0,0,3591,8,0,0,69973,5,0,8,169514,1148,0,0,0,0,403
get signer vault + borrow array from storage,40037,9,0,0,8,0,0,0,0,0,0,0,4246,8,0,0,59797,5,0,8,131454,0,0,0,0,0,760
get public account + reference tx,12644,9,0,0,8,0,0,0,0,0,0,0,2394,8,0,0,186877,5,0,8,199525,0,0,0,0,0,217
borrow array from storage + mint NFT,11734,9,0,0,8,2692,0,2692,2762,8076,0,0,7324,8,0,0,8488,5,0,8,33338,528602,0,0,0,0,157
copy array from storage,5651,9,0,0,8,0,56510,0,0,0,0,0,4124,8,0,0,33906,5,0,8,84767,0,0,0,0,0,1103
get account and get balance + get account and get storage used,5883,5595,0,0,5594,0,0,0,0,0,0,0,676160,5594,0,0,5295,2945,0,4418,11182,0,0,294,5001,0,182
call empty contract function + load and save empty string on signers address,78254,9,0,0,8,0,0,0,0,0,0,0,3812,8,0,0,54022,5,0,8,132280,1148,0,0,0,0,921
get signer receiver + copy array from storage,17808,9,0,0,8,0,24480,0,0,0,0,0,4465,8,0,0,19808,5,0,8,46964,0,0,0,0,0,233
get account and get storage used + get signer vault,13872,9,0,0,8,0,0,0,0,0,0,0,3713,8,0,0,13872,5,0,8,27748,0,0,0,12605,0,191
borrow array from storage + mint NFT,14107,9,0,0,8,2989,0,2989,3065,8967,0,0,6885,8,0,0,15895,5,0,8,53192,592029,0,0,0,0,215
emit event + load and save long string on signers address,148398,9,0,0,8,26696,0,0,0,0,0,26696,3519,8,0,0,74199,5,0,8,222601,1155,0,0,0,0,979
get account and get available balance + create new account and deploy contract,614,1641,0,78,1718,78,2886,0,156,0,78,156,183806,1718,0,0,116,549,0,666,732,12870,38,0,38,156,134
borrow array from storage + load and save empty string on signers address,34137,9,0,0,8,0,0,0,0,0,0,0,4124,8,0,0,31583,5,0,8,86836,1148,0,0,0,0,213
get signer receiver + copy array from storage and save a duplicate,15384,9,0,0,8,0,15325,0,613,0,0,0,4998,8,0,0,8193,5,0,8,19455,1681,0,0,0,0,120
transfer tokens + create new account,15336,639,0,0,638,4173,0,1391,0,4173,35,2817,4117,638,0,1391,1426,215,0,218,32067,225,0,0,0,0,240
get account and get available balance + load and save empty string on signers address,44884,3963,0,0,3962,0,0,0,0,0,0,0,1503352,3962,0,0,19806,1323,0,3303,66012,1148,659,0,659,0,429
convert int to string and concatenate it + borrow array from storage,39446,9,0,0,8,0,0,0,0,0,0,0,4124,8,0,0,29436,5,0,8,64174,0,0,0,0,0,131
get account and get storage used + get account and get balance,9661,5481,0,0,5480,0,0,0,0,0,0,0,662408,5480,0,0,9085,2885,0,4328,18750,0,0,288,8797,0,218
mint NFT + get public account,42105,9,0,0,8,2091,0,2091,2146,6273,0,0,6101,8,0,0,35832,5,0,8,82123,415981,0,0,0,0,207
load and save long string on signers address + mint NFT,7196,9,0,0,8,1497,0,1497,1536,4491,0,0,6321,8,0,0,2101,5,0,8,12295,295973,0,0,0,0,83
get signer address,0,9,0,0,8,0,0,0,0,0,0,0,2312,8,0,0,93850,5,0,8,187702,0,0,0,0,0,138
borrow array from storage + get signer receiver,5367,9,0,0,8,0,0,0,0,0,0,0,4465,8,0,0,10663,5,0,8,26028,0,0,0,0,0,88
get account and get balance + add and remove key to/from account,2073,3033,0,0,3032,0,38179,0,0,0,0,1046,394338,3032,523,0,691,1013,523,1856,2245,0,0,168,0,1046,168
transfer tokens,18942,9,0,0,8,5166,0,1722,0,5166,0,3444,4117,8,0,1722,1722,5,0,8,39608,225,0,0,0,0,240
create new account + convert int to string,51954,1665,0,0,1664,0,0,0,0,0,72,72,2394,1664,0,0,51954,1301,0,1304,103912,0,0,0,0,0,381
get signer address + create new account,55,1054,0,0,1053,0,0,0,0,0,55,55,2394,1053,0,0,51758,555,0,558,103520,0,0,0,0,0,243
emit event,39628,9,0,0,8,19814,0,0,0,0,0,19814,2535,8,0,0,19814,5,0,8,59444,0,0,0,0,0,159
copy array from storage and save a duplicate + get signer vault,12738,9,0,0,8,0,6025,0,241,0,0,0,4656,8,0,0,13461,5,0,8,28131,1681,0,0,0,0,179
add and remove key to/from account,78,9,0,0,8,0,1898,0,0,0,0,52,2312,8,26,0,26,5,26,8,80,0,0,0,0,52,6
load and save empty string on signers address,117584,9,0,0,8,0,0,0,0,0,0,0,3468,8,0,0,58792,5,0,8,176378,1148,0,0,0,0,441
add and remove key to/from account + copy array from storage and save a duplicate,5802,9,0,0,8,0,50798,0,1883,0,0,102,4534,8,51,0,11349,5,51,8,32168,1681,0,0,0,102,103
mint NFT,25436,9,0,0,8,6359,0,6359,6522,19077,0,0,5460,8,0,0,6359,5,0,8,44515,1256677,0,0,0,0,284
transfer tokens,21263,9,0,0,8,5799,0,1933,0,5799,0,3866,4240,8,0,1933,1933,5,0,8,44461,225,0,0,0,0,397
get signer vault + get signer address,19097,9,0,0,8,0,0,0,0,0,0,0,3590,8,0,0,27873,5,0,8,55750,0,0,0,0,0,198
reference tx,0,9,0,0,8,0,0,0,0,0,0,0,2312,8,0,0,62288,5,0,8,62290,0,0,0,0,0,61
create new account + copy array from storage,450,1605,0,0,1604,0,3660,0,0,0,84,84,4001,1604,0,0,2280,845,0,848,5662,0,0,0,0,0,124
load and save long string on signers address + copy array from storage and save a duplicate,6257,9,0,0,8,0,6875,0,275,0,0,0,4534,8,0,0,4366,5,0,8,12827,1722,0,0,0,0,54
get signer vault + get signer receiver,11227,9,0,0,8,0,0,0,0,0,0,0,4055,8,0,0,5909,5,0,8,11822,0,0,0,0,0,166
get signer address + load and save long string on signers address,10432,9,0,0,8,0,0,0,0,0,0,0,3468,8,0,0,7462,5,0,8,20144,1189,0,0,0,0,54
call empty contract function + get signer vault,29815,9,0,0,8,0,0,0,0,0,0,0,3936,8,0,0,29815,5,0,8,59634,0,0,0,0,0,156
call empty contract function + copy array from storage and save a duplicate,60940,9,0,0,8,0,12550,0,502,0,0,0,4876,8,0,0,62446,5,0,8,127406,1722,0,0,0,0,262
get account and get storage used + add and remove key to/from account,5989,9,0,0,8,0,7592,0,0,0,0,208,2312,8,104,0,5781,5,104,8,11670,0,0,0,5677,208,105
add key to account + convert int to string and concatenate it,137252,9,0,0,8,0,1533,0,0,0,0,21,2312,8,0,0,68626,5,21,8,137256,0,0,0,0,21,865
get signer address + get account and get balance,141,902,0,0,901,0,0,0,0,0,0,0,112045,901,0,0,35190,475,0,713,70478,0,0,47,0,0,166
emit event + create new account,6556,441,0,0,440,3266,0,0,0,0,24,3290,2533,440,0,0,3290,149,0,152,9850,0,0,0,0,0,133
get account and get balance + load and save empty string on signers address,8034,5937,0,0,5936,0,0,0,0,0,0,0,731487,5936,0,0,3861,3125,0,4688,11899,1148,0,312,0,0,188
copy array from storage + reference tx,9613,9,0,0,8,0,96130,0,0,0,0,0,4124,8,0,0,243532,5,0,8,330053,0,0,0,0,0,615
call empty contract function,118867,9,0,0,8,0,0,0,0,0,0,0,2615,8,0,0,118867,5,0,8,237736,0,0,0,0,0,627
emit event,990,9,0,0,8,495,0,0,0,0,0,495,2615,8,0,0,495,5,0,8,1487,0,0,0,0,0,26
convert int to string,62281,9,0,0,8,0,0,0,0,0,0,0,2394,8,0,0,62281,5,0,8,124564,0,0,0,0,0,151
load and save empty string on signers address,13760,9,0,0,8,0,0,0,0,0,0,0,3591,8,0,0,6880,5,0,8,20642,1148,0,0,0,0,104
get public account + get account and get balance,41789,4721,0,0,4720,0,0,0,0,0,0,0,580978,4720,0,0,41293,2485,0,3728,83086,0,0,248,0,0,299
add key to account + reference tx,3512,9,0,0,8,0,128188,0,0,0,0,1756,2312,8,0,0,18896,5,1756,8,20656,0,0,0,0,1756,198
borrow array from storage + convert int to string,19348,9,0,0,8,0,0,0,0,0,0,0,4001,8,0,0,29043,5,0,8,63907,0,0,0,0,0,211
add and remove key to/from account,3534,9,0,0,8,0,85994,0,0,0,0,2356,2394,8,1178,0,1178,5,1178,8,3536,0,0,0,0,2356,186
mint NFT,21640,9,0,0,8,5410,0,5410,5549,16230,0,0,5673,8,0,0,5410,5,0,8,37872,1080561,0,0,0,0,267
create new account + get signer receiver,48725,3069,0,0,3068,0,0,0,0,0,170,170,4055,3068,0,0,16355,1025,0,1028,32714,0,0,0,0,0,652
create new account + transfer tokens,1160,3069,0,0,3068,270,0,90,0,270,170,350,4240,3068,0,90,260,1025,0,1028,2414,225,0,0,0,0,394
get signer address + copy array from storage,1682,9,0,0,8,0,16820,0,0,0,0,0,4001,8,0,0,37735,5,0,8,80520,0,0,0,0,0,135
get signer address + transfer tokens,24178,9,0,0,8,6594,0,2198,0,6594,0,4396,4240,8,0,2198,185645,5,0,8,417452,225,0,0,0,0,1228
borrow array from storage,3476,9,0,0,8,0,0,0,0,0,0,0,4001,8,0,0,20856,5,0,8,52142,0,0,0,0,0,117
add and remove key to/from account,8871,9,0,0,8,0,215861,0,0,0,0,5914,2312,8,2957,0,2957,5,2957,8,8873,0,0,0,0,5914,563
convert int to string and concatenate it + copy array from storage and save a duplicate,55815,9,0,0,8,0,19975,0,799,0,0,0,4534,8,0,0,31503,5,0,8,67005,1681,0,0,0,0,138
reference tx,0,9,0,0,8,0,0,0,0,0,0,0,2312,8,0,0,145564,5,0,8,145566,0,0,0,0,0,194
load and save empty string on signers address,1698,9,0,0,8,0,0,0,0,0,0,0,3468,8,0,0,849,5,0,8,2549,1148,0,0,0,0,8
convert int to string and concatenate it + get signer address,24716,9,0,0,8,0,0,0,0,0,0,0,2394,8,0,0,81457,5,0,8,162918,0,0,0,0,0,164
get account and get balance + convert int to string and concatenate it,33107,855,0,0,854,0,0,0,0,0,0,0,112045,854,0,0,16530,287,0,525,33158,0,0,47,0,0,88
load and save empty string on signers address,120056,9,0,0,8,0,0,0,0,0,0,0,3591,8,0,0,60028,5,0,8,180086,1148,0,0,0,0,445
get account and get storage used + create new account and deploy contract,4028,603,0,33,635,33,1221,0,66,0,33,66,40460,635,0,0,3962,203,0,206,7961,5445,0,0,3929,66,115
get account and get balance + get account and get storage capacity,2873,7998,448,0,7997,0,0,0,0,0,0,0,1505572,7997,0,0,659,5595,0,7997,3088,0,0,211,0,0,248
get signer receiver,25704,9,0,0,8,0,0,0,0,0,0,0,3932,8,0,0,8568,5,0,8,17138,0,0,0,0,0,163
copy array from storage,4279,9,0,0,8,0,42790,0,0,0,0,0,4124,8,0,0,25674,5,0,8,64187,0,0,0,0,0,139
add key to account,3410,9,0,0,8,0,124465,0,0,0,0,1705,2394,8,0,0,1705,5,1705,8,3412,0,0,0,0,1705,136
create new account and deploy contract,534,4103,0,178,4280,178,6586,0,356,0,178,356,215460,4280,0,0,178,3209,0,3212,536,29370,0,0,0,356,766
add key to account,5696,9,0,0,8,0,207904,0,0,0,0,2848,2312,8,0,0,2848,5,2848,8,5698,0,0,0,0,2848,354
get signer address + borrow array from storage,4511,9,0,0,8,0,0,0,0,0,0,0,4001,8,0,0,45050,5,0,8,103637,0,0,0,0,0,167
call empty contract function,10444,9,0,0,8,0,0,0,0,0,0,0,2533,8,0,0,10444,5,0,8,20890,0,0,0,0,0,93
emit event + create new account and deploy contract,22617,1395,0,77,1471,11270,2849,0,154,0,77,11347,94786,1471,0,0,11270,467,0,470,33814,12705,0,0,0,154,276
copy array from storage and save a duplicate,1599,9,0,0,8,0,13325,0,533,0,0,0,4534,8,0,0,3198,5,0,8,9063,1681,0,0,0,0,77
call empty contract function + load and save long string on signers address,37344,9,0,0,8,0,0,0,0,0,0,0,3689,8,0,0,23109,5,0,8,60457,1189,0,0,0,0,287
convert int to string + create new account and deploy contract,134883,2547,0,141,2687,141,5217,0,282,0,141,282,157300,2687,0,0,134601,851,0,854,269347,23265,0,0,0,282,687
get account and get storage used + mint NFT,9336,9,0,0,8,1287,0,1287,1320,3861,0,0,5586,8,0,0,5475,5,0,8,17389,256909,0,0,4188,0,110
load and save empty string on signers address + get account and get balance,47994,4303,0,0,4302,0,0,0,0,0,0,0,521460,4302,0,0,23884,2265,0,3398,71882,1148,0,226,0,0,723
get account and get balance,291,1755,0,0,1754,0,0,0,0,0,0,0,224636,1754,0,0,97,587,0,1075,390,0,0,97,0,0,55
mint NFT + get public account,37584,9,0,0,8,948,0,948,972,2844,0,0,5700,8,0,0,34740,5,0,8,74224,192087,0,0,0,0,185
convert int to string and concatenate it,176430,9,0,0,8,0,0,0,0,0,0,0,2312,8,0,0,88215,5,0,8,176432,0,0,0,0,0,322
get account and get storage used + add key to account,5817,9,0,0,8,0,146219,0,0,0,0,2003,2312,8,0,0,3814,5,2003,8,7632,0,0,0,1811,2003,217
borrow array from storage + copy array from storage,4172,9,0,0,8,0,4030,0,0,0,0,0,4001,8,0,0,25032,5,0,8,62584,0,0,0,0,0,136
mint NFT,38080,9,0,0,8,9520,0,9520,9764,28560,0,0,2600,8,0,0,9520,5,0,8,66642,1857651,0,0,0,0,622
get signer receiver,25317,9,0,0,8,0,0,0,0,0,0,0,4055,8,0,0,8439,5,0,8,16880,0,0,0,0,0,866
transfer tokens + get account and get balance,6794,9819,0,0,9818,1407,0,469,0,1407,0,938,1253257,9818,0,469,1014,3275,0,6003,12971,225,0,545,0,0,547
load and save long string on signers address,42042,9,0,0,8,0,0,0,0,0,0,0,3591,8,0,0,21021,5,0,8,63065,1189,0,0,0,0,142
add key to account + add and remove key to/from account,5597,9,0,0,8,0,150307,0,0,0,0,3538,2312,8,1479,0,2059,5,2059,8,5601,0,0,0,0,3538,411
get signer address,0,9,0,0,8,0,0,0,0,0,0,0,2312,8,0,0,19390,5,0,8,38782,0,0,0,0,0,91
create new account and deploy contract,510,3069,0,170,3238,170,6290,0,340,0,170,340,198832,3238,0,0,170,1025,0,1028,512,28050,0,0,0,340,295
get signer address,0,9,0,0,8,0,0,0,0,0,0,0,2312,8,0,0,87851,5,0,8,175704,0,0,0,0,0,133
get account and get storage capacity + get public account,42712,1801,256,0,1800,0,0,0,0,0,0,0,584968,1800,0,0,41688,1029,0,1800,84148,0,0,0,0,0,303
emit event + borrow array from storage,53804,9,0,0,8,26696,0,0,0,0,0,26696,4222,8,0,0,29168,5,0,8,86272,0,0,0,0,0,353
transfer tokens,11583,9,0,0,8,3159,0,1053,0,3159,0,2106,4117,8,0,1053,1053,5,0,8,24221,225,0,0,0,0,137
load and save long string on signers address + add key to account,4164,9,0,0,8,0,93805,0,0,0,0,1285,3591,8,0,0,2082,5,1285,8,4965,1189,0,0,0,1285,110
copy array from storage and save a duplicate + add and remove key to/from account,3210,9,0,0,8,0,41534,0,762,0,0,616,4657,8,308,0,4880,5,308,8,13882,1722,0,0,0,616,93
mint NFT,16980,9,0,0,8,4245,0,4245,4355,12735,0,0,5453,8,0,0,4245,5,0,8,29717,831403,0,0,0,0,250
borrow array from storage,1163,9,0,0,8,0,0,0,0,0,0,0,4001,8,0,0,6978,5,0,8,17447,0,0,0,0,0,38
get signer receiver,17976,9,0,0,8,0,0,0,0,0,0,0,3932,8,0,0,5992,5,0,8,11986,0,0,0,0,0,166
add key to account,6278,9,0,0,8,0,229147,0,0,0,0,3139,2394,8,0,0,3139,5,3139,8,6280,0,0,0,0,3139,242
get account and get storage used + mint NFT,30791,9,0,0,8,3675,0,3675,3770,11025,0,0,5579,8,0,0,19766,5,0,8,57911,727706,0,0,16091,0,431
get signer address + create new account and deploy contract,36,249,0,12,260,12,444,0,24,0,12,24,16184,260,0,0,12495,125,0,128,25006,1980,0,0,0,24,41
get signer receiver + transfer tokens,22535,9,0,0,8,2676,0,892,0,2676,0,1784,4117,8,0,892,5133,5,0,8,29002,225,0,0,0,0,386
get signer address,0,9,0,0,8,0,0,0,0,0,0,0,2394,8,0,0,94560,5,0,8,189122,0,0,0,0,0,796
convert int to string and concatenate it + call empty contract function,45817,9,0,0,8,0,0,0,0,0,0,0,2533,8,0,0,34394,5,0,8,68792,0,0,0,0,0,129
load and save long string on signers address + borrow array from storage,102101,9,0,0,8,0,0,0,0,0,0,0,4124,8,0,0,90073,5,0,8,248938,1189,0,0,0,0,577
,2,1,0,0,0,0,73,0,0,0,1,2,2134,0,0,0,0,0,1,0,2,0,0,0,0,1,12
load and save long string on signers address + add and remove key to/from account,99443,9,0,0,8,0,107967,0,0,0,0,2958,3489,8,1479,0,48982,5,1479,8,146950,1155,0,0,0,2958,735
load and save empty string on signers address + reference tx,15330,9,0,0,8,0,0,0,0,0,0,0,3591,8,0,0,117262,5,0,8,132596,1148,0,0,0,0,157
mint NFT,7828,9,0,0,8,1957,0,1957,2007,5871,0,0,4847,8,0,0,1957,5,0,8,13701,384259,0,0,0,0,149
add and remove key to/from account,4779,9,0,0,8,0,116289,0,0,0,0,3186,2312,8,1593,0,1593,5,1593,8,4781,0,0,0,0,3186,206
get signer address + borrow array from storage,7095,9,0,0,8,0,0,0,0,0,0,0,4022,8,0,0,226017,5,0,8,473323,0,0,0,0,0,543
copy array from storage + get account and get available balance,16203,3963,0,0,3962,0,96130,0,0,0,0,0,1481377,3962,0,0,58337,1323,0,3303,152766,0,659,0,659,0,809
load and save long string on signers address + borrow array from storage,47928,9,0,0,8,0,0,0,0,0,0,0,4001,8,0,0,36515,5,0,8,102703,1189,0,0,0,0,259
get signer vault + emit event,26559,9,0,0,8,5314,0,0,0,0,0,5314,3811,8,0,0,21245,5,0,8,47808,0,0,0,0,0,238
emit event,23384,9,0,0,8,11692,0,0,0,0,0,11692,2615,8,0,0,11692,5,0,8,35078,0,0,0,0,0,106
get public account + add key to account,36740,9,0,0,8,0,35113,0,0,0,0,481,2312,8,0,0,36259,5,481,8,72522,0,0,0,0,481,178
convert int to string + add key to account,77037,9,0,0,8,0,116070,0,0,0,0,1590,2394,8,0,0,75447,5,1590,8,150898,0,0,0,0,1590,305
load and save empty string on signers address + get account and get balance,34901,4740,0,0,4739,0,0,0,0,0,0,0,574176,4739,0,0,17326,2495,0,3743,52231,1148,0,249,0,0,239
copy array from storage + load and save empty string on signers address,32770,9,0,0,8,0,19000,0,0,0,0,0,4124,8,0,0,26835,5,0,8,74809,1148,0,0,0,0,216
get account and get storage capacity + copy array from storage and save a duplicate,4560,531,87,0,530,0,34375,0,1375,0,0,0,206236,530,0,0,8337,179,0,443,23814,1722,0,0,0,0,182
load and save empty string on signers address + call empty contract function,152512,9,0,0,8,0,0,0,0,0,0,0,3710,8,0,0,105973,5,0,8,258489,1114,0,0,0,0,671
reference tx + load and save long string on signers address,35446,9,0,0,8,0,0,0,0,0,0,0,3591,8,0,0,90084,5,0,8,125534,1189,0,0,0,0,291
copy array from storage + transfer tokens,7096,9,0,0,8,732,44120,244,0,732,0,488,4650,8,0,244,26716,5,0,8,71796,225,0,0,0,0,208
create new account + copy array from storage and save a duplicate,3452,1341,0,0,1340,0,28150,0,1126,0,74,74,4534,1340,0,0,6830,449,0,452,19294,1681,0,0,0,0,161
load and save long string on signers address + create new account and deploy contract,3034,465,0,24,488,24,888,0,48,0,24,48,32319,488,0,0,1505,245,0,248,4519,5149,0,0,0,48,58
convert int to string + emit event,70427,9,0,0,8,1879,0,0,0,0,0,1879,2615,8,0,0,68548,5,0,8,138979,0,0,0,0,0,196
get signer receiver + get account and get balance,50190,10364,0,0,10363,0,0,0,0,0,0,0,1275540,10363,0,0,16730,5455,0,8183,34554,0,0,545,0,0,663
get signer address,0,9,0,0,8,0,0,0,0,0,0,0,2312,8,0,0,78504,5,0,8,157010,0,0,0,0,0,120
call empty contract function,16914,9,0,0,8,0,0,0,0,0,0,0,2533,8,0,0,16914,5,0,8,33830,0,0,0,0,0,100
get account and get storage used + get signer vault,39849,9,0,0,8,0,0,0,0,0,0,0,3713,8,0,0,39849,5,0,8,79702,0,0,0,3764,0,465
get signer address,0,9,0,0,8,0,0,0,0,0,0,0,2394,8,0,0,160859,5,0,8,321720,0,0,0,0,0,269
copy array from storage + convert int to string and concatenate it,73013,9,0,0,8,0,28990,0,0,0,0,0,4001,8,0,0,52451,5,0,8,113603,0,0,0,0,0,200
load and save long string on signers address,190012,9,0,0,8,0,0,0,0,0,0,0,3591,8,0,0,95006,5,0,8,285020,1189,0,0,0,0,1221
get account and get storage capacity,3090,4335,618,0,4334,0,0,0,0,0,0,0,1408880,4334,0,0,618,2477,0,4334,3092,0,0,0,0,0,262
add and remove key to/from account + reference tx,876,9,0,0,8,0,21316,0,0,0,0,584,2394,8,292,0,111723,5,292,8,112311,0,0,0,0,584,172
copy array from storage,5557,9,0,0,8,0,55570,0,0,0,0,0,4124,8,0,0,33342,5,0,8,83357,0,0,0,0,0,151
create new account and deploy contract + load and save long string on signers address,28284,621,0,34,654,34,1258,0,68,0,34,68,44289,654,0,0,14125,209,0,212,42379,6799,0,0,0,68,377
load and save empty string on signers address + emit event,27158,9,0,0,8,10543,0,0,0,0,0,10543,3689,8,0,0,13579,5,0,8,40741,1148,0,0,0,0,111
get signer receiver + get signer address,2799,9,0,0,8,0,0,0,0,0,0,0,4055,8,0,0,86872,5,0,8,173748,0,0,0,0,0,148
add key to account + mint NFT,19130,9,0,0,8,3753,150307,3753,3850,11259,0,2059,5951,8,0,0,5812,5,2059,8,30393,743374,0,0,0,2059,427
get public account + create new account,65912,3069,0,0,3068,0,0,0,0,0,170,170,2244,3068,0,0,65912,1025,0,1028,131828,0,0,0,0,0,643
mint NFT + copy array from storage and save a duplicate,15170,9,0,0,8,3656,4550,3656,3933,10968,0,0,8281,8,0,0,4748,5,0,8,28690,726143,0,0,0,0,183
convert int to string and concatenate it + get signer receiver,139247,9,0,0,8,0,0,0,0,0,0,0,4055,8,0,0,69284,5,0,8,138572,0,0,0,0,0,541
create new account,339,6111,0,0,6110,0,0,0,0,0,339,339,2312,6110,0,0,339,2039,0,2042,680,0,0,0,0,0,1054
transfer tokens + add and remove key to/from account,7958,9,0,0,8,1326,75336,442,0,1326,0,2948,4117,8,1032,442,1474,5,1032,8,13266,225,0,0,0,2064,195
borrow array from storage,8624,9,0,0,8,0,0,0,0,0,0,0,4124,8,0,0,51744,5,0,8,129362,0,0,0,0,0,345
get account and get available balance,13180,9235,0,0,9234,0,0,0,0,0,0,0,3002080,9234,0,0,1318,5277,0,9234,17136,0,1318,0,1318,0,1732
get account and get balance,1863,11187,0,0,11186,0,0,0,0,0,0,0,1425644,11186,0,0,621,3731,0,6839,2486,0,0,621,0,0,368
get public account,77494,9,0,0,8,0,0,0,0,0,0,0,2312,8,0,0,77494,5,0,8,154990,0,0,0,0,0,392
load and save long string on signers address + emit event,23016,9,0,0,8,6482,0,0,0,0,0,6482,3689,8,0,0,11508,5,0,8,34528,1189,0,0,0,0,86
get public account,18913,9,0,0,8,0,0,0,0,0,0,0,2312,8,0,0,18913,5,0,8,37828,0,0,0,0,0,76
get public account,59747,9,0,0,8,0,0,0,0,0,0,0,2312,8,0,0,59747,5,0,8,119496,0,0,0,0,0,268
emit event + create new account,20951,66,0,0,65,10474,0,0,0,0,3,10477,2615,65,0,0,10477,35,0,38,31432,0,0,0,0,0,87
convert int to string and concatenate it + load and save empty string on signers address,175406,9,0,0,8,0,0,0,0,0,0,0,3489,8,0,0,87703,5,0,8,194508,1114,0,0,0,0,482
transfer tokens + copy array from storage and save a duplicate,21371,9,0,0,8,4170,50675,1390,2027,4170,0,2780,5183,8,0,1390,13552,5,0,8,66433,1906,0,0,0,0,362
copy array from storage + load and save long string on signers address,33501,9,0,0,8,0,23370,0,0,0,0,0,4001,8,0,0,29604,5,0,8,81805,1189,0,0,0,0,166
get signer address + mint NFT,4596,9,0,0,8,1149,0,1149,1179,3447,0,0,5843,8,0,0,8212,5,0,8,22173,229983,0,0,0,0,70
load and save empty string on signers address,186156,9,0,0,8,0,0,0,0,0,0,0,3300,8,0,0,93078,5,0,8,279236,1114,0,0,0,0,695
mint NFT,28832,9,0,0,8,7208,0,7208,7394,21624,0,0,5222,8,0,0,7208,5,0,8,50458,1409363,0,0,0,0,487
get account and get storage capacity + get signer receiver,3236,1653,274,0,1652,0,0,0,0,0,0,0,627556,1652,0,0,896,553,0,1378,2618,0,0,0,0,0,111
load and save long string on signers address,51876,9,0,0,8,0,0,0,0,0,0,0,3591,8,0,0,25938,5,0,8,77816,1189,0,0,0,0,334
get account and get storage capacity + borrow array from storage,6398,2382,339,0,2381,0,0,0,0,0,0,0,775565,2381,0,0,28557,1361,0,2381,72244,0,0,0,0,0,340
create new account and deploy contract + emit event,11956,845,0,44,888,5956,1628,0,88,0,44,6000,53397,888,0,0,5956,445,0,448,17872,7260,0,0,0,88,130
mint NFT + get signer address,1180,9,0,0,8,295,0,295,302,885,0,0,5230,8,0,0,44634,5,0,8,90747,60296,0,0,0,0,125
add key to account + borrow array from storage,2303,9,0,0,8,0,71248,0,0,0,0,976,4001,8,0,0,3082,5,976,8,7221,0,0,0,0,976,135
get account and get balance + create new account and deploy contract,294,2263,0,49,2311,49,1813,0,98,0,49,98,171264,2311,0,0,98,1769,0,2017,347,8085,0,49,0,98,107
create new account + mint NFT,1779,446,0,0,445,440,0,440,451,1320,19,19,5199,445,0,0,459,347,0,350,3122,88575,0,0,0,0,65
get account and get storage used + get signer receiver,16870,9,0,0,8,0,0,0,0,0,0,0,3932,8,0,0,6090,5,0,8,12184,0,0,0,700,0,199
copy array from storage + get account and get available balance,8360,3963,0,0,3962,0,17700,0,0,0,0,0,1503885,3962,0,0,11279,1323,0,3303,35121,0,659,0,659,0,527
convert int to string and concatenate it + copy array from storage,99685,9,0,0,8,0,12410,0,0,0,0,0,4001,8,0,0,56668,5,0,8,117063,0,0,0,0,0,214
copy array from storage + transfer tokens,16847,9,0,0,8,3450,41970,1150,0,3450,0,2300,4773,8,0,1150,26332,5,0,8,89409,225,0,0,0,0,446
get signer receiver,39891,9,0,0,8,0,0,0,0,0,0,0,4055,8,0,0,13297,5,0,8,26596,0,0,0,0,0,310
mint NFT + create new account,7878,3069,0,0,3068,1927,0,1927,1977,5781,170,170,5453,3068,0,0,2097,1025,0,1028,13833,379028,0,0,0,0,560
get public account + get account and get available balance,5412,81,0,0,80,0,0,0,0,0,0,0,29624,80,0,0,5304,29,0,68,10744,0,12,0,12,0,26
borrow array from storage,9135,9,0,0,8,0,0,0,0,0,0,0,4124,8,0,0,54810,5,0,8,137027,0,0,0,0,0,354
add and remove key to/from account + get account and get storage capacity,3237,1953,324,0,1952,0,39347,0,0,0,0,1078,739736,1952,539,0,863,653,539,1628,3241,0,0,0,0,1078,267
load and save long string on signers address,190012,9,0,0,8,0,0,0,0,0,0,0,3591,8,0,0,95006,5,0,8,285020,1189,0,0,0,0,664
convert int to string and concatenate it + get signer receiver,185765,9,0,0,8,0,0,0,0,0,0,0,3932,8,0,0,84790,5,0,8,169584,0,0,0,0,0,788
create new account + borrow array from storage,4918,3069,0,0,3068,0,0,0,0,0,170,170,4124,3068,0,0,28658,1025,0,1028,71564,0,0,0,0,0,542
copy array from storage,2990,9,0,0,8,0,29900,0,0,0,0,0,4124,8,0,0,17940,5,0,8,44852,0,0,0,0,0,96
copy array from storage and save a duplicate + get account and get storage used,14052,9,0,0,8,0,26475,0,1059,0,0,0,4534,8,0,0,17229,5,0,8,39757,1681,0,0,10875,0,1985
get account and get storage used + emit event,7519,9,0,0,8,381,0,0,0,0,0,381,2617,8,0,0,7138,5,0,8,14661,0,0,0,6757,0,87
get account and get storage used,20274,9,0,0,8,0,0,0,0,0,0,0,2394,8,0,0,20274,5,0,8,40550,0,0,0,20274,0,284
add key to account + get signer address,5148,9,0,0,8,0,187902,0,0,0,0,2574,2394,8,0,0,186021,5,2574,8,372046,0,0,0,0,2574,896
,2,1,0,1,1,1,764,0,3,0,0,1,3201,1,0,0,0,0,0,0,3,274,0,0,0,3,5
reference tx + create new account and deploy contract,141,855,0,47,901,47,1739,0,94,0,47,94,58653,901,0,0,2000,287,0,290,2098,7755,0,0,0,94,90
add key to account + transfer tokens,19613,9,0,0,8,4689,88330,1563,0,4689,0,4336,4117,8,0,1563,2773,5,1210,8,38373,225,0,0,0,1210,364
get account and get balance + convert int to string and concatenate it,43231,1548,0,0,1547,0,0,0,0,0,0,0,191367,1547,0,0,21575,815,0,1223,43316,0,0,81,0,0,113
get signer vault,72170,9,0,0,8,0,0,0,0,0,0,0,3713,8,0,0,72170,5,0,8,144342,0,0,0,0,0,894
copy array from storage,3809,9,0,0,8,0,38090,0,0,0,0,0,4124,8,0,0,22854,5,0,8,57137,0,0,0,0,0,112
copy array from storage and save a duplicate + convert int to string,70542,9,0,0,8,0,31875,0,1275,0,0,0,4534,8,0,0,74367,5,0,8,155113,1681,0,0,0,0,226
get account and get balance + convert int to string and concatenate it,137798,3537,0,0,3536,0,0,0,0,0,0,0,451544,3536,0,0,68801,1181,0,2164,137998,0,0,196,0,0,552
mint NFT + copy array from storage,4695,9,0,0,8,321,34110,321,330,963,0,0,7742,8,0,0,20787,5,0,8,53416,67602,0,0,0,0,136
get public account + borrow array from storage,30509,9,0,0,8,0,0,0,0,0,0,0,4001,8,0,0,41824,5,0,8,90441,0,0,0,0,0,179
mint NFT + borrow array from storage,18133,9,0,0,8,3990,0,3990,4093,11970,0,0,7300,8,0,0,17028,5,0,8,60529,794856,0,0,0,0,258
convert int to string and concatenate it + create new account,137380,3919,0,0,3918,0,0,0,0,0,170,170,2326,3918,0,0,68775,3065,0,3068,137554,0,0,0,0,0,964
copy array from storage + create new account and deploy contract,3041,1539,0,85,1623,85,31005,0,170,0,85,170,105869,1623,0,0,16801,515,0,518,42049,14025,0,0,0,170,428
get account and get storage capacity,390,477,78,0,476,0,0,0,0,0,0,0,179840,476,0,0,78,161,0,398,392,0,0,0,0,0,33
load and save long string on signers address + convert int to string,112067,9,0,0,8,0,0,0,0,0,0,0,3468,8,0,0,86355,5,0,8,198426,1189,0,0,0,0,424
load and save empty string on signers address + copy array from storage,46845,9,0,0,8,0,96130,0,0,0,0,0,4001,8,0,0,76294,5,0,8,200047,1148,0,0,0,0,450
convert int to string and concatenate it,274420,9,0,0,8,0,0,0,0,0,0,0,2312,8,0,0,137210,5,0,8,274422,0,0,0,0,0,587
get signer vault,19968,9,0,0,8,0,0,0,0,0,0,0,3713,8,0,0,19968,5,0,8,39938,0,0,0,0,0,192
get signer receiver,32520,9,0,0,8,0,0,0,0,0,0,0,3932,8,0,0,10840,5,0,8,21682,0,0,0,0,0,246
load and save empty string on signers address,132412,9,0,0,8,0,0,0,0,0,0,0,3468,8,0,0,66206,5,0,8,198620,1148,0,0,0,0,624
convert int to string and concatenate it + get account and get storage used,74929,9,0,0,8,0,0,0,0,0,0,0,2312,8,0,0,43891,5,0,8,87786,0,0,0,12853,0,272
load and save long string on signers address,106374,9,0,0,8,0,0,0,0,0,0,0,3468,8,0,0,53187,5,0,8,159563,1189,0,0,0,0,611
borrow array from storage + add and remove key to/from account,2718,9,0,0,8,0,6132,0,0,0,0,168,4124,8,84,0,14880,5,84,8,37246,0,0,0,0,168,95
convert int to string + add key to account,64773,9,0,0,8,0,61612,0,0,0,0,844,2394,8,0,0,63929,5,844,8,127862,0,0,0,0,844,226
get account and get balance,1713,10858,0,0,10857,0,0,0,0,0,0,0,1311044,10857,0,0,571,5715,0,8573,2286,0,0,571,0,0,310
create new account and deploy contract + get account and get available balance,7013,6501,0,141,6641,141,5217,0,282,0,141,282,1698074,6641,0,0,800,2169,0,4149,8994,23265,659,0,659,282,782
copy array from storage and save a duplicate + emit event,10131,9,0,0,8,5031,575,0,23,0,0,5031,4755,8,0,0,5169,5,0,8,15488,1681,0,0,0,0,51
call empty contract function + get signer receiver,38984,9,0,0,8,0,0,0,0,0,0,0,4276,8,0,0,35710,5,0,8,71424,0,0,0,0,0,196
reference tx + add and remove key to/from account,3369,9,0,0,8,0,81979,0,0,0,0,2246,2312,8,1123,0,69605,5,1123,8,71855,0,0,0,0,2246,299
get account and get storage used + get account and get storage capacity,20082,4743,789,0,4742,0,0,0,0,0,0,0,1771182,4742,0,0,16926,1583,0,3953,36223,0,0,0,16137,0,610
get signer address + create new account,170,3919,0,0,3918,0,0,0,0,0,170,170,2326,3918,0,0,183617,3065,0,3068,367238,0,0,0,0,0,770
load and save empty string on signers address + reference tx,49752,9,0,0,8,0,0,0,0,0,0,0,3468,8,0,0,36283,5,0,8,86039,1148,0,0,0,0,219
create new account + get account and get available balance,2083,1485,0,0,1484,0,0,0,0,0,13,13,473444,1484,0,0,220,497,0,1121,2721,0,207,0,207,0,98
get account and get storage used + borrow array from storage,12667,9,0,0,8,0,0,0,0,0,0,0,4124,8,0,0,29282,5,0,8,68537,0,0,0,9344,0,221
get signer receiver + create new account and deploy contract,15324,207,0,11,217,11,407,0,22,0,11,22,16648,217,0,0,5108,71,0,74,10231,1815,0,0,0,22,111
add key to account + load and save long string on signers address,96148,9,0,0,8,0,41683,0,0,0,0,571,3489,8,0,0,48074,5,571,8,143655,1155,0,0,0,571,449
copy array from storage and save a duplicate + call empty contract function,17672,9,0,0,8,0,44550,0,1782,0,0,0,4755,8,0,0,23018,5,0,8,54950,1681,0,0,0,0,223
mint NFT + get account and get storage capacity,9443,1155,191,0,1154,2122,0,2122,2177,6366,0,0,447797,1154,0,0,2313,387,0,963,15813,416880,0,0,0,0,269
get account and get storage used + copy array from storage and save a duplicate,11945,9,0,0,8,0,43000,0,1720,0,0,0,4657,8,0,0,17105,5,0,8,42814,1722,0,0,6785,0,201
copy array from storage and save a duplicate + mint NFT,13130,9,0,0,8,3086,6550,3086,3427,9258,0,0,7679,8,0,0,4658,5,0,8,26060,613036,0,0,0,0,555
get public account,131483,9,0,0,8,0,0,0,0,0,0,0,2394,8,0,0,131483,5,0,8,262968,0,0,0,0,0,834
reference tx + add and remove key to/from account,4437,9,0,0,8,0,107967,0,0,0,0,2958,2312,8,1479,0,61550,5,1479,8,64512,0,0,0,0,2958,319
reference tx + get signer receiver,5997,9,0,0,8,0,0,0,0,0,0,0,3932,8,0,0,178099,5,0,8,180102,0,0,0,0,0,250
load and save empty string on signers address,69174,9,0,0,8,0,0,0,0,0,0,0,3591,8,0,0,34587,5,0,8,103763,1148,0,0,0,0,288
load and save long string on signers address + load and save empty string on signers address,79912,9,0,0,8,0,0,0,0,0,0,0,3468,8,0,0,39956,5,0,8,119872,1148,0,0,0,0,271
transfer tokens + convert int to string and concatenate it,61607,9,0,0,8,1659,0,553,0,1659,0,1106,4117,8,0,553,28315,5,0,8,68247,225,0,0,0,0,159
load and save long string on signers address + get account and get storage capacity,28131,2115,351,0,2114,0,0,0,0,0,0,0,816858,2114,0,0,13539,707,0,1763,41323,1189,0,0,0,0,204
get public account,36111,9,0,0,8,0,0,0,0,0,0,0,2312,8,0,0,36111,5,0,8,72224,0,0,0,0,0,136
get public account + create new account,29375,981,0,0,980,0,0,0,0,0,54,54,2312,980,0,0,29375,329,0,332,58754,0,0,0,0,0,231
convert int to string and concatenate it,274420,9,0,0,8,0,0,0,0,0,0,0,2312,8,0,0,137210,5,0,8,274422,0,0,0,0,0,740
load and save long string on signers address + get signer receiver,61573,9,0,0,8,0,0,0,0,0,0,0,4055,8,0,0,29125,5,0,8,84056,1189,0,0,0,0,324
get account and get storage capacity,4255,5115,851,0,5114,0,0,0,0,0,0,0,1974161,5114,0,0,851,1707,0,4263,4257,0,0,0,0,0,389
get account and get storage used,7359,9,0,0,8,0,0,0,0,0,0,0,2312,8,0,0,7359,5,0,8,14720,0,0,0,7359,0,117
emit event + call empty contract function,112826,9,0,0,8,26696,0,0,0,0,0,26696,2615,8,0,0,86130,5,0,8,198960,0,0,0,0,0,683
add key to account + get account and get balance,1779,387,0,0,386,0,62634,0,0,0,0,858,51387,386,0,0,879,131,858,239,1804,0,0,21,0,858,79
load and save empty string on signers address + get account and get balance,24652,2631,0,0,2630,0,0,0,0,0,0,0,319764,2630,0,0,12257,1385,0,2078,36913,1148,0,138,0,0,153
get account and get available balance + get signer receiver,9450,1611,0,0,1610,0,0,0,0,0,0,0,622694,1610,0,0,2527,539,0,1343,7995,0,267,0,267,0,242
add key to account,4306,9,0,0,8,0,157169,0,0,0,0,2153,2312,8,0,0,2153,5,2153,8,4308,0,0,0,0,2153,220
create new account and deploy contract,351,2115,0,117,2231,117,4329,0,234,0,117,234,142443,2231,0,0,117,707,0,710,353,19305,0,0,0,234,289
get account and get storage capacity + get account and get balance,5580,15098,789,0,15097,0,0,0,0,0,0,0,3101992,15097,0,0,1334,7033,0,12128,6129,0,0,545,0,0,875
add and remove key to/from account,3393,9,0,0,8,0,82563,0,0,0,0,2262,2394,8,1131,0,1131,5,1131,8,3395,0,0,0,0,2262,156
transfer tokens + reference tx,7436,9,0,0,8,2028,0,676,0,2028,0,1352,4240,8,0,676,135460,5,0,8,150336,225,0,0,0,0,358
create new account and deploy contract + reference tx,126,765,0,42,806,42,1554,0,84,0,42,84,52668,806,0,0,107657,257,0,260,107745,6930,0,0,0,84,278
get public account + get account and get available balance,36737,3963,0,0,3962,0,0,0,0,0,0,0,1502196,3962,0,0,30806,1323,0,3303,68865,0,659,0,659,0,463
get signer address + create new account and deploy contract,24,161,0,8,168,8,296,0,16,0,8,16,11970,168,0,0,7851,85,0,88,15714,1320,0,0,0,16,30
convert int to string and concatenate it,274420,9,0,0,8,0,0,0,0,0,0,0,2394,8,0,0,137210,5,0,8,274422,0,0,0,0,0,709
transfer tokens + get account and get storage used,12950,9,0,0,8,1911,0,637,0,1911,0,1274,4117,8,0,637,6580,5,0,8,26541,225,0,0,5943,0,414
convert int to string and concatenate it,162600,9,0,0,8,0,0,0,0,0,0,0,2312,8,0,0,81300,5,0,8,162602,0,0,0,0,0,368
load and save long string on signers address + create new account and deploy contract,4475,1467,0,81,1547,81,2997,0,162,0,81,162,97104,1547,0,0,2197,491,0,494,6595,14554,0,0,0,162,234
get signer vault + get signer address,8014,9,0,0,8,0,0,0,0,0,0,0,3590,8,0,0,51945,5,0,8,103894,0,0,0,0,0,165
